<environmentvariabledefinition schemaname="occt_varEnvironmentSource">
  <defaultvalue>DEV</defaultvalue>
  <description default="indicates the solution's environment for the end user">
    <label description="indicates the solution's environment for the end user" languagecode="1033" />
  </description>
  <displayname default="varEnvironmentSource">
    <label description="varEnvironmentSource" languagecode="1033" />
  </displayname>
  <introducedversion>1.0.0.26</introducedversion>
  <iscustomizable>1</iscustomizable>
  <isrequired>0</isrequired>
  <secretstore>0</secretstore>
  <type>100000000</type>
</environmentvariabledefinition>