<environmentvariabledefinition schemaname="occt_varSFCCFeaturedINGEndpoint">
  <defaultvalue>https://devna.loccitane.com/s/-/dw/data/v21_10/libraries/OCC_SharedLibrary/folders/Ingredients/content</defaultvalue>
  <displayname default="varSFCCFeaturedINGEndpoint">
    <label description="varSFCCFeaturedINGEndpoint" languagecode="1033" />
  </displayname>
  <introducedversion>1.0.0.26</introducedversion>
  <iscustomizable>1</iscustomizable>
  <isrequired>0</isrequired>
  <secretstore>0</secretstore>
  <type>100000000</type>
</environmentvariabledefinition>