<environmentvariabledefinition schemaname="occt_varJobCreateBundleQty">
  <defaultvalue>https://devna.loccitane.com/s/-/dw/data/v21_10/jobs/CATALOG_EASE_CREATE_BUNDLE/executions</defaultvalue>
  <description default="SFCC Job to sync XML product bundle to catalog for associating child sku and qty to parent sku">
    <label description="SFCC Job to sync XML product bundle to catalog for associating child sku and qty to parent sku" languagecode="1033" />
  </description>
  <displayname default="varJobCreateBundleQty">
    <label description="varJobCreateBundleQty" languagecode="1033" />
  </displayname>
  <introducedversion>1.0.0.26</introducedversion>
  <iscustomizable>1</iscustomizable>
  <isrequired>0</isrequired>
  <secretstore>0</secretstore>
  <type>100000000</type>
</environmentvariabledefinition>