<environmentvariabledefinition schemaname="occt_varPIMRefData">
  <defaultvalue>https://loccitaneeu.gateway.webmethodscloud.de/gateway/PIM_Reference_Data/1.0/</defaultvalue>
  <description default="PIM endpoint for Reference Data">
    <label description="PIM endpoint for Reference Data" languagecode="1033" />
  </description>
  <displayname default="varPIMRefData">
    <label description="varPIMRefData" languagecode="1033" />
  </displayname>
  <introducedversion>1.0.0.26</introducedversion>
  <iscustomizable>1</iscustomizable>
  <isrequired>0</isrequired>
  <secretstore>0</secretstore>
  <type>100000000</type>
</environmentvariabledefinition>