<environmentvariabledefinition schemaname="occt_varSFCCShopProductEndpoint">
  <defaultvalue>https://devna.loccitane.com/s/Sites-OCC_US-Site/dw/shop/v21_10/products/</defaultvalue>
  <displayname default="varSFCCShopProductEndpoint">
    <label description="varSFCCShopProductEndpoint" languagecode="1033" />
  </displayname>
  <introducedversion>1.0.0.26</introducedversion>
  <iscustomizable>1</iscustomizable>
  <isrequired>0</isrequired>
  <secretstore>0</secretstore>
  <type>100000000</type>
</environmentvariabledefinition>