<environmentvariabledefinition schemaname="occt_varSFCCAllProductEndpoint">
  <defaultvalue>https://devna.loccitane.com/s/-/dw/data/v21_10/product_search</defaultvalue>
  <displayname default="varSFCCAllProductEndpoint">
    <label description="varSFCCAllProductEndpoint" languagecode="1033" />
  </displayname>
  <introducedversion>1.0.0.6</introducedversion>
  <iscustomizable>1</iscustomizable>
  <isrequired>0</isrequired>
  <secretstore>0</secretstore>
  <type>100000000</type>
</environmentvariabledefinition>