<environmentvariabledefinition schemaname="occt_PIMApiEndPoint">
  <defaultvalue>https://loccitaneeu.gateway.webmethodscloud.de/gateway/PIM_Products/1.0/</defaultvalue>
  <displayname default="varPIMApiEndPoint">
    <label description="varPIMApiEndPoint" languagecode="1033" />
  </displayname>
  <introducedversion>1.0.0.2</introducedversion>
  <iscustomizable>1</iscustomizable>
  <isrequired>0</isrequired>
  <secretstore>0</secretstore>
  <type>100000000</type>
</environmentvariabledefinition>