<environmentvariabledefinition schemaname="occt_varSyncCreateBundleQTYStatusEndpoint">
  <defaultvalue>https://devna.loccitane.com/s/-/dw/data/v21_10/jobs/CATALOG_EASE_CREATE_BUNDLE/executions/</defaultvalue>
  <displayname default="varSyncCreateBundleQTYStatusEndpoint">
    <label description="varSyncCreateBundleQTYStatusEndpoint" languagecode="1033" />
  </displayname>
  <introducedversion>1.0.0.26</introducedversion>
  <iscustomizable>1</iscustomizable>
  <isrequired>0</isrequired>
  <secretstore>0</secretstore>
  <type>100000000</type>
</environmentvariabledefinition>