{"swagger":"2.0","info":{"title":"XMLtoJSON","description":"","version":"1.0"},"host":"home","basePath":"/","schemes":["http"],"consumes":[],"produces":[],"paths":{"/":{},"/transform":{"post":{"responses":{"default":{"description":"default","schema":{"type":"object","properties":{"root":{"type":"object","properties":{"values":{"type":"object","properties":{"_x0031_0ORMEN24":{"type":"object","properties":{"sku":{"type":"string","description":"sku"},"formula":{"type":"string","description":"formula"}},"description":"_x0031_0ORMEN24"},"_x0030_1ORKAR22":{"type":"object","properties":{"sku":{"type":"string","description":"sku"},"formula":{"type":"string","description":"formula"}},"description":"_x0030_1ORKAR22"}},"description":"values"}},"description":"root"}}},"headers":{"Content-Type":{"description":"Content-Type","type":"string"}}}},"summary":"Filter XML and Convert to JSON","operationId":"TransformXmlToJson","description":"Receives XML and a list of fields, filters the XML, then converts it to JSON","parameters":[{"name":"body","in":"body","required":false,"schema":{"type":"object","properties":{"xmlInput":{"type":"string","description":"xmlInput"},"fieldNames":{"type":"array","items":{"type":"string"},"description":"fieldNames"}}}}]}}},"definitions":{},"parameters":{},"responses":{},"securityDefinitions":{},"security":[],"tags":[]}