<ImportExportXml version="9.2.25065.188" SolutionPackageVersion="9.2" languagecode="1033" generatedBy="CrmLive" xmlns:xsi="http://www.w3.org/2001/XMLSchema-instance" OrganizationVersion="9.2.25065.188" OrganizationSchemaType="Standard" CRMServerServiceabilityVersion="9.2.25071.00216">
  <SolutionManifest>
    <UniqueName>CatalogEase</UniqueName>
    <LocalizedNames>
      <LocalizedName description="CatalogEase" languagecode="1033" />
    </LocalizedNames>
    <Descriptions>
      <Description description="Upgrade of CatalogEase" languagecode="1033" />
    </Descriptions>
    <Version>1.1.0.29</Version>
    <Managed>0</Managed>
    <Publisher>
      <UniqueName>Occitane</UniqueName>
      <LocalizedNames>
        <LocalizedName description="Occitane" languagecode="1033" />
      </LocalizedNames>
      <Descriptions />
      <EMailAddress xsi:nil="true"></EMailAddress>
      <SupportingWebsiteUrl xsi:nil="true"></SupportingWebsiteUrl>
      <CustomizationPrefix>occt</CustomizationPrefix>
      <CustomizationOptionValuePrefix>90037</CustomizationOptionValuePrefix>
      <Addresses>
        <Address>
          <AddressNumber>1</AddressNumber>
          <AddressTypeCode>1</AddressTypeCode>
          <City xsi:nil="true"></City>
          <County xsi:nil="true"></County>
          <Country xsi:nil="true"></Country>
          <Fax xsi:nil="true"></Fax>
          <FreightTermsCode xsi:nil="true"></FreightTermsCode>
          <ImportSequenceNumber xsi:nil="true"></ImportSequenceNumber>
          <Latitude xsi:nil="true"></Latitude>
          <Line1 xsi:nil="true"></Line1>
          <Line2 xsi:nil="true"></Line2>
          <Line3 xsi:nil="true"></Line3>
          <Longitude xsi:nil="true"></Longitude>
          <Name xsi:nil="true"></Name>
          <PostalCode xsi:nil="true"></PostalCode>
          <PostOfficeBox xsi:nil="true"></PostOfficeBox>
          <PrimaryContactName xsi:nil="true"></PrimaryContactName>
          <ShippingMethodCode>1</ShippingMethodCode>
          <StateOrProvince xsi:nil="true"></StateOrProvince>
          <Telephone1 xsi:nil="true"></Telephone1>
          <Telephone2 xsi:nil="true"></Telephone2>
          <Telephone3 xsi:nil="true"></Telephone3>
          <TimeZoneRuleVersionNumber xsi:nil="true"></TimeZoneRuleVersionNumber>
          <UPSZone xsi:nil="true"></UPSZone>
          <UTCOffset xsi:nil="true"></UTCOffset>
          <UTCConversionTimeZoneCode xsi:nil="true"></UTCConversionTimeZoneCode>
        </Address>
        <Address>
          <AddressNumber>2</AddressNumber>
          <AddressTypeCode>1</AddressTypeCode>
          <City xsi:nil="true"></City>
          <County xsi:nil="true"></County>
          <Country xsi:nil="true"></Country>
          <Fax xsi:nil="true"></Fax>
          <FreightTermsCode xsi:nil="true"></FreightTermsCode>
          <ImportSequenceNumber xsi:nil="true"></ImportSequenceNumber>
          <Latitude xsi:nil="true"></Latitude>
          <Line1 xsi:nil="true"></Line1>
          <Line2 xsi:nil="true"></Line2>
          <Line3 xsi:nil="true"></Line3>
          <Longitude xsi:nil="true"></Longitude>
          <Name xsi:nil="true"></Name>
          <PostalCode xsi:nil="true"></PostalCode>
          <PostOfficeBox xsi:nil="true"></PostOfficeBox>
          <PrimaryContactName xsi:nil="true"></PrimaryContactName>
          <ShippingMethodCode>1</ShippingMethodCode>
          <StateOrProvince xsi:nil="true"></StateOrProvince>
          <Telephone1 xsi:nil="true"></Telephone1>
          <Telephone2 xsi:nil="true"></Telephone2>
          <Telephone3 xsi:nil="true"></Telephone3>
          <TimeZoneRuleVersionNumber xsi:nil="true"></TimeZoneRuleVersionNumber>
          <UPSZone xsi:nil="true"></UPSZone>
          <UTCOffset xsi:nil="true"></UTCOffset>
          <UTCConversionTimeZoneCode xsi:nil="true"></UTCConversionTimeZoneCode>
        </Address>
      </Addresses>
    </Publisher>
    <RootComponents>
      <RootComponent type="1" schemaName="activitymimeattachment" behavior="1" />
      <RootComponent type="1" schemaName="activitypointer" behavior="1" />
      <RootComponent type="1" schemaName="connection" behavior="1" />
      <RootComponent type="1" schemaName="cr6b8_catalogease_fragrancenotes" behavior="0" />
      <RootComponent type="1" schemaName="occt_featureingredient" behavior="0" />
      <RootComponent type="1" schemaName="occt_kit" behavior="0" />
      <RootComponent type="1" schemaName="occt_kitcomponent" behavior="0" />
      <RootComponent type="1" schemaName="occt_pim_productdata" behavior="0" />
      <RootComponent type="1" schemaName="occt_sfcc_productdata" behavior="0" />
      <RootComponent type="1" schemaName="occt_testresults" behavior="0" />
      <RootComponent type="1" schemaName="occt_update" behavior="0" />
      <RootComponent type="1" schemaName="occt_updatefield" behavior="0" />
      <RootComponent type="1" schemaName="queueitem" behavior="1" />
      <RootComponent type="1" schemaName="slakpiinstance" behavior="1" />
      <RootComponent type="1" schemaName="syncerror" behavior="1" />
      <RootComponent type="9" schemaName="occt_createorupdatechoices" behavior="0" />
      <RootComponent type="9" schemaName="occt_locales" behavior="0" />
      <RootComponent type="9" schemaName="occt_updatestatus" behavior="0" />
      <RootComponent type="20" id="{ef4a690a-5b44-ef11-8409-000d3a9c5f67}" behavior="0" />
      <RootComponent type="29" id="{2b72e38f-0cbf-ef11-b8e8-000d3a549abf}" behavior="0" />
      <RootComponent type="29" id="{2f3ec44f-54d5-ef11-8ee9-7c1e5249b51e}" behavior="0" />
      <RootComponent type="29" id="{33502ace-a654-ef11-a317-000d3a10b0cf}" behavior="0" />
      <RootComponent type="29" id="{415b1cd0-8e8c-ef11-ac21-000d3a4e49dd}" behavior="0" />
      <RootComponent type="29" id="{4aeec937-8f34-ef11-8409-6045bdd4ccb0}" behavior="0" />
      <RootComponent type="29" id="{58f97f13-39ae-ef11-b8e9-7c1e520a63d0}" behavior="0" />
      <RootComponent type="29" id="{73317324-0354-ef11-a317-6045bdd334a2}" behavior="0" />
      <RootComponent type="29" id="{8276717d-b7f2-ef11-9341-6045bda7ff7f}" behavior="0" />
      <RootComponent type="29" id="{8cab586b-1032-ef11-8409-6045bdd4ccb0}" behavior="0" />
      <RootComponent type="29" id="{8dc0f759-8a4e-ef11-a317-000d3a9c5f67}" behavior="0" />
      <RootComponent type="29" id="{ab177fbb-3948-ef11-a317-000d3a9c5f67}" behavior="0" />
      <RootComponent type="29" id="{bad7f0b8-432e-ef11-8e4f-6045bd196544}" behavior="0" />
      <RootComponent type="29" id="{bdffdce0-8f34-ef11-8409-6045bdd4ccb0}" behavior="0" />
      <RootComponent type="29" id="{be310d4c-222f-ef11-840a-6045bdedf816}" behavior="0" />
      <RootComponent type="29" id="{bee34950-6860-ef11-bfe2-002248293154}" behavior="0" />
      <RootComponent type="29" id="{c0158343-cd4d-f011-877a-7c1e524773c8}" behavior="0" />
      <RootComponent type="29" id="{c9051479-9954-ef11-a317-000d3a10b0cf}" behavior="0" />
      <RootComponent type="29" id="{df7d6cfa-7453-f011-877a-6045bdf03ad1}" behavior="0" />
      <RootComponent type="29" id="{ee5d653a-fc53-ef11-a317-6045bdd334a2}" behavior="0" />
      <RootComponent type="29" id="{f50e0a1f-5bac-ef11-b8e8-000d3a549abf}" behavior="0" />
      <RootComponent type="61" schemaName="occt_icon_textedit_fluentoutlined" behavior="0" />
      <RootComponent type="300" schemaName="ablnstd_abalonstudiocanvascomponents_44617" behavior="0" />
      <RootComponent type="300" schemaName="occt_catalogease_a3e8e" behavior="0" />
      <RootComponent type="372" id="{4087fcc3-3e34-46ab-a825-c2453b2216ae}" schemaName="occt_xmltojson" behavior="0" />
    </RootComponents>
    <MissingDependencies>
      <MissingDependency>
        <Required type="66" schemaName="MscrmControls.Grid.GridControl" displayName="MscrmControls.Grid.GridControl" solution="BaseCustomControlsCore (9.0.2506.5009)">
          <package appName="Base Custom Controls" version="9.0.2506.5009">BaseCustomControlsCore (9.0.2506.5009)</package>
        </Required>
        <Dependent type="26" schemaName="en-US" displayName="en-US" parentSchemaName="occt_sfcc_productdata" parentDisplayName="SFCC_ProductData" id="{8dd4940e-270a-f011-bae2-6045bdef7360}" />
      </MissingDependency>
    </MissingDependencies>
  </SolutionManifest>
</ImportExportXml>