<environmentvariabledefinition schemaname="occt_varFormulaClientSecret">
  <defaultvalue>v9cwTlcLLsbOjEKoxSRGpQox4t8kk4m0aYBqujsHGmsYeNqe6y_evpEVCMZPd3R9</defaultvalue>
  <displayname default="varFormulaClientSecret">
    <label description="varFormulaClientSecret" languagecode="1033" />
  </displayname>
  <introducedversion>1.0.0.2</introducedversion>
  <iscustomizable>1</iscustomizable>
  <isrequired>0</isrequired>
  <secretstore>0</secretstore>
  <type>100000000</type>
</environmentvariabledefinition>