<environmentvariabledefinition schemaname="occt_FormalaAPIEndpoint">
  <defaultvalue>https://loccitane.syndigo.com/api/entityappservice/get</defaultvalue>
  <displayname default="varFormalaAPIEndpoint">
    <label description="varFormalaAPIEndpoint" languagecode="1033" />
  </displayname>
  <introducedversion>1.0.0.2</introducedversion>
  <iscustomizable>1</iscustomizable>
  <isrequired>0</isrequired>
  <secretstore>0</secretstore>
  <type>100000000</type>
</environmentvariabledefinition>