<environmentvariabledefinition schemaname="occt_varSFCCWebDavEndpoint">
  <defaultvalue>https://development-na02-loccitane.demandware.net/on/demandware.servlet/webdav/Sites/Impex/src/products/catalogease/</defaultvalue>
  <displayname default="varSFCCWebDavEndpoint">
    <label description="varSFCCWebDavEndpoint" languagecode="1033" />
  </displayname>
  <introducedversion>1.0.0.26</introducedversion>
  <iscustomizable>1</iscustomizable>
  <isrequired>0</isrequired>
  <secretstore>0</secretstore>
  <type>100000000</type>
</environmentvariabledefinition>