{
  "properties": {
    "connectionReferences": {},
    "definition": {
      "$schema": "https://schema.management.azure.com/providers/Microsoft.Logic/schemas/2016-06-01/workflowdefinition.json#",
      "contentVersion": "1.0.0.0",
      "parameters": {
        "$authentication": {
          "defaultValue": {},
          "type": "SecureObject"
        },
        "varSFCCAccessToken (occt_varSFCCAccessToken)": {
          "defaultValue": "https://account.demandware.com/dwsso/oauth2/access_token",
          "type": "String",
          "metadata": {
            "schemaName": "occt_varSFCCAccessToken"
          }
        }
      },
      "triggers": {
        "manual": {
          "metadata": {
            "operationMetadataId": "a516ab61-63fb-4d5e-95e3-75e68699f7db"
          },
          "type": "Request",
          "kind": "PowerAppV2",
          "inputs": {
            "schema": {
              "type": "object",
              "properties": {},
              "required": []
            }
          }
        }
      },
      "actions": {
        "HTTP-GetToken": {
          "runAfter": {},
          "metadata": {
            "operationMetadataId": "d8c0f78b-d4ec-43da-a934-a71f98b66baa"
          },
          "type": "Http",
          "inputs": {
            "method": "POST",
            "uri": "@parameters('varSFCCAccessToken (occt_varSFCCAccessToken)')",
            "headers": {
              "Content-Type": "application/x-www-form-urlencoded"
            },
            "body": "grant_type=client_credentials&scope=SALESFORCE_COMMERCE_API:bdql_dev sfcc.catalogs.rw sfcc.products.rw",
            "authentication": {
              "type": "Basic",
              "username": "bd307463-a963-464b-aada-9888f79a806c",
              "password": "NLB!wfkbk66m8Ve"
            }
          }
        },
        "Respond_to_a_Power_App_or_flow": {
          "runAfter": {
            "HTTP-GetToken": [
              "Succeeded"
            ]
          },
          "metadata": {
            "operationMetadataId": "f1859e8d-4fd3-4604-a820-edf809a3aebd"
          },
          "type": "Response",
          "kind": "PowerApp",
          "inputs": {
            "statusCode": 200,
            "body": {
              "accesstoken": "@{body('HTTP-GetToken')?['access_token']}"
            },
            "schema": {
              "type": "object",
              "properties": {
                "accesstoken": {
                  "title": "accesstoken",
                  "x-ms-dynamically-added": true,
                  "type": "string"
                }
              }
            }
          }
        }
      }
    },
    "templateName": ""
  },
  "schemaVersion": "1.0.0.0"
}