{
  "properties": {
    "connectionReferences": {},
    "definition": {
      "$schema": "https://schema.management.azure.com/providers/Microsoft.Logic/schemas/2016-06-01/workflowdefinition.json#",
      "contentVersion": "1.0.0.0",
      "parameters": {
        "$authentication": {
          "defaultValue": {},
          "type": "SecureObject"
        },
        "$connections": {
          "defaultValue": {},
          "type": "Object"
        },
        "varJobCreateBundleQty (occt_varJobCreateBundleQty)": {
          "defaultValue": "https://devna.loccitane.com/s/-/dw/data/v21_10/jobs/CATALOG_EASE_CREATE_BUNDLE/executions",
          "type": "String",
          "metadata": {
            "schemaName": "occt_varJobCreateBundleQty",
            "description": "SFCC Job to sync XML product bundle to catalog for associating child sku and qty to parent sku"
          }
        },
        "varSyncCreateBundleQTYStatusEndpoint (occt_varSyncCreateBundleQTYStatusEndpoint)": {
          "defaultValue": "https://devna.loccitane.com/s/-/dw/data/v21_10/jobs/CATALOG_EASE_CREATE_BUNDLE/executions/",
          "type": "String",
          "metadata": {
            "schemaName": "occt_varSyncCreateBundleQTYStatusEndpoint"
          }
        }
      },
      "triggers": {
        "manual": {
          "type": "Request",
          "kind": "PowerAppV2",
          "inputs": {
            "schema": {
              "type": "object",
              "properties": {},
              "required": []
            }
          },
          "metadata": {
            "operationMetadataId": "2ffa00d3-7dee-4e9b-8eab-ce40591a736c"
          }
        }
      },
      "actions": {
        "HTTP_SFCC_Job_Bundle_QTY": {
          "type": "Http",
          "inputs": {
            "uri": "@parameters('varJobCreateBundleQty (occt_varJobCreateBundleQty)')",
            "method": "POST",
            "headers": {
              "Authorization": "Bearer @{body('Run_a_Child_Flow')?['accesstoken']}"
            }
          },
          "runAfter": {
            "Run_a_Child_Flow": [
              "Succeeded"
            ]
          },
          "metadata": {
            "operationMetadataId": "4b4bb84b-fe34-4bea-adcd-4f3603e5f008"
          }
        },
        "Run_a_Child_Flow": {
          "type": "Workflow",
          "inputs": {
            "host": {
              "workflowReferenceName": "4aeec937-8f34-ef11-8409-6045bdd4ccb0"
            }
          },
          "runAfter": {},
          "metadata": {
            "operationMetadataId": "9ab4ad74-482e-4f10-986b-23789710a583"
          }
        },
        "Respond_to_a_Power_App_or_flow": {
          "type": "Response",
          "kind": "PowerApp",
          "inputs": {
            "schema": {
              "type": "object",
              "properties": {
                "response": {
                  "title": "Response",
                  "x-ms-dynamically-added": true,
                  "type": "string"
                }
              },
              "additionalProperties": {}
            },
            "statusCode": 200,
            "body": {
              "response": "@{outputs('SyncProcessStatus')}"
            }
          },
          "runAfter": {
            "SyncProcessStatus": [
              "Succeeded"
            ]
          },
          "metadata": {
            "operationMetadataId": "be1be8d6-33e3-4465-a0cd-0f489be9b6a0"
          }
        },
        "HTTP_Get_Sync_process_Status_": {
          "type": "Http",
          "inputs": {
            "uri": "@{parameters('varSyncCreateBundleQTYStatusEndpoint (occt_varSyncCreateBundleQTYStatusEndpoint)')}@{outputs('SyncProcessId')}",
            "method": "GET",
            "headers": {
              "Authorization": "Bearer @{body('Run_a_Child_Flow')?['accesstoken']}"
            }
          },
          "runAfter": {
            "Delay": [
              "Succeeded"
            ]
          },
          "metadata": {
            "operationMetadataId": "3477557e-903b-42f7-90b9-559d445248d5"
          }
        },
        "SyncProcessStatus": {
          "type": "Compose",
          "inputs": "@body('HTTP_Get_Sync_process_Status_')?['exit_status']?['status']",
          "runAfter": {
            "HTTP_Get_Sync_process_Status_": [
              "Succeeded"
            ]
          },
          "metadata": {
            "operationMetadataId": "976491ff-cca3-4880-bd1d-1af3a4da7a2a"
          }
        },
        "SyncProcessId": {
          "type": "Compose",
          "inputs": "@body('HTTP_SFCC_Job_Bundle_QTY')?['id']",
          "runAfter": {
            "HTTP_SFCC_Job_Bundle_QTY": [
              "Succeeded"
            ]
          },
          "metadata": {
            "operationMetadataId": "209b7c3b-2e5f-42fa-802c-62937effce95"
          }
        },
        "Delay": {
          "type": "Wait",
          "inputs": {
            "interval": {
              "count": 3,
              "unit": "Second"
            }
          },
          "runAfter": {
            "SyncProcessId": [
              "Succeeded"
            ]
          },
          "metadata": {
            "operationMetadataId": "638dc66c-89e7-456f-b3ad-d58d3911651d"
          }
        }
      },
      "outputs": {}
    },
    "templateName": null
  },
  "schemaVersion": "1.0.0.0"
}