{
  "properties": {
    "connectionReferences": {
      "shared_commondataserviceforapps": {
        "api": {
          "name": "shared_commondataserviceforapps"
        },
        "connection": {
          "connectionReferenceLogicalName": "occt_sharedcommondataserviceforapps_8899f"
        },
        "runtimeSource": "embedded"
      }
    },
    "definition": {
      "$schema": "https://schema.management.azure.com/providers/Microsoft.Logic/schemas/2016-06-01/workflowdefinition.json#",
      "contentVersion": "1.0.0.0",
      "parameters": {
        "$authentication": {
          "defaultValue": {},
          "type": "SecureObject"
        },
        "$connections": {
          "defaultValue": {},
          "type": "Object"
        },
        "var (occt_varPushToSFCCEndpoint)": {
          "defaultValue": "https://devna.loccitane.com/s/-/dw/data/v21_10/products/",
          "type": "String",
          "metadata": {
            "schemaName": "occt_varPushToSFCCEndpoint"
          }
        }
      },
      "triggers": {
        "manual": {
          "type": "Request",
          "kind": "PowerAppV2",
          "inputs": {
            "schema": {
              "type": "object",
              "properties": {
                "text": {
                  "title": "local",
                  "type": "string",
                  "x-ms-dynamically-added": true,
                  "description": "Please enter your input",
                  "x-ms-content-hint": "TEXT"
                },
                "text_1": {
                  "title": "sku",
                  "type": "string",
                  "x-ms-dynamically-added": true,
                  "description": "Please enter your input",
                  "x-ms-content-hint": "TEXT"
                },
                "text_2": {
                  "title": "newLocalKitGuid",
                  "type": "string",
                  "x-ms-dynamically-added": true,
                  "description": "Please enter your input",
                  "x-ms-content-hint": "TEXT"
                }
              },
              "required": [
                "text",
                "text_1",
                "text_2"
              ]
            }
          },
          "metadata": {
            "operationMetadataId": "2d086009-2c5a-4832-8669-b91ec8633983"
          }
        }
      },
      "actions": {
        "Run_a_Child_Flow": {
          "type": "Workflow",
          "inputs": {
            "host": {
              "workflowReferenceName": "4aeec937-8f34-ef11-8409-6045bdd4ccb0"
            }
          },
          "runAfter": {
            "Get_newLocalKit_by_ID": [
              "Succeeded"
            ]
          },
          "metadata": {
            "operationMetadataId": "bc4fc177-2183-4c2e-bf7f-53d5d45a3a20"
          }
        },
        "Switch": {
          "type": "Switch",
          "expression": "@triggerBody()['text']",
          "default": {
            "actions": {}
          },
          "cases": {
            "Casedefault": {
              "actions": {
                "HTTPLocalKitDefault": {
                  "type": "Http",
                  "inputs": {
                    "uri": "@{parameters('var (occt_varPushToSFCCEndpoint)')}@{triggerBody()['text_1']}",
                    "method": "PATCH",
                    "headers": {
                      "Authorization": "Bearer @{body('Run_a_Child_Flow')?['accesstoken']}"
                    },
                    "body": {
                      "ean": "@{outputs('Get_newLocalKit_by_ID')?['body/occt_ean']}",
                      "id": "@{outputs('Get_newLocalKit_by_ID')?['body/occt_sku']}",
                      "long_description": {
                        "default": {
                          "_type": "markup_text",
                          "markup": "@{outputs('Get_newLocalKit_by_ID')?['body/occt_description']}",
                          "source": "@{outputs('Get_newLocalKit_by_ID')?['body/occt_description']}"
                        },
                        "en-US": {
                          "_type": "markup_text",
                          "markup": "@{outputs('Get_newLocalKit_by_ID')?['body/occt_description']}",
                          "source": "@{outputs('Get_newLocalKit_by_ID')?['body/occt_description']}"
                        },
                        "en-CA": {
                          "_type": "markup_text",
                          "markup": "@{outputs('Get_newLocalKit_by_ID')?['body/occt_description']}",
                          "source": "@{outputs('Get_newLocalKit_by_ID')?['body/occt_description']}"
                        }
                      },
                      "name": {
                        "default": "@{outputs('Get_newLocalKit_by_ID')?['body/occt_name']}",
                        "en-US": "@{outputs('Get_newLocalKit_by_ID')?['body/occt_name']}",
                        "en-CA": "@{outputs('Get_newLocalKit_by_ID')?['body/occt_name']}"
                      },
                      "online_flag": {
                        "default": true,
                        "default@OCC_CA": true,
                        "default@OCC_US": true
                      },
                      "owning_catalog_id": "occ_master",
                      "page_description": {
                        "default": "@{outputs('Get_newLocalKit_by_ID')?['body/occt_pagedescription']}",
                        "en-US": "@{outputs('Get_newLocalKit_by_ID')?['body/occt_pagedescription']}",
                        "en-CA": "@{outputs('Get_newLocalKit_by_ID')?['body/occt_pagedescription']}"
                      },
                      "page_title": {
                        "default": "@{outputs('Get_newLocalKit_by_ID')?['body/occt_pagetitle']}",
                        "en-US": "@{outputs('Get_newLocalKit_by_ID')?['body/occt_pagetitle']}",
                        "en-CA": "@{outputs('Get_newLocalKit_by_ID')?['body/occt_pagetitle']}"
                      },
                      "searchable": {
                        "default": true,
                        "default@OCC_CA": true,
                        "default@OCC_US": true
                      },
                      "c_OCC_AddToCartDisabled": {
                        "default": true,
                        "en-US": true,
                        "en-CA": true
                      },
                      "c_OCC_CallCenterDescription": {
                        "default": "@{outputs('Get_newLocalKit_by_ID')?['body/occt_callcenterdescription']}",
                        "en-US": "@{outputs('Get_newLocalKit_by_ID')?['body/occt_callcenterdescription']}",
                        "en-CA": "@{outputs('Get_newLocalKit_by_ID')?['body/occt_callcenterdescription']}"
                      },
                      "c_OCC_applicationArea": {
                        "default": {
                          "_type": "markup_text",
                          "markup": "<p>@{outputs('Get_newLocalKit_by_ID')?['body/occt_occ_applicationarea']}</p>",
                          "source": "<p>@{outputs('Get_newLocalKit_by_ID')?['body/occt_occ_applicationarea']}</p>"
                        },
                        "en-US": {
                          "_type": "markup_text",
                          "markup": "<p>@{outputs('Get_newLocalKit_by_ID')?['body/occt_occ_applicationarea']}</p>",
                          "source": "<p>@{outputs('Get_newLocalKit_by_ID')?['body/occt_occ_applicationarea']}</p>"
                        },
                        "en-CA": {
                          "_type": "markup_text",
                          "markup": "<p>@{outputs('Get_newLocalKit_by_ID')?['body/occt_occ_applicationarea']}</p>",
                          "source": "<p>@{outputs('Get_newLocalKit_by_ID')?['body/occt_occ_applicationarea']}</p>"
                        }
                      },
                      "c_OCC_brand": {
                        "default": "@{outputs('Get_newLocalKit_by_ID')?['body/occt_brand']}",
                        "en-US": "@{outputs('Get_newLocalKit_by_ID')?['body/occt_brand']}",
                        "en-CA": "@{outputs('Get_newLocalKit_by_ID')?['body/occt_brand']}"
                      },
                      "c_OCC_departmentNumber": "@{outputs('Get_newLocalKit_by_ID')?['body/occt_departmentnumber']}",
                      "c_OCC_eyebrow": {
                        "default": "@if(equals(outputs('Get_newLocalKit_by_ID')?['body/occt_occ_eyebrow'], null),null, split(outputs('Get_newLocalKit_by_ID')?['body/occt_occ_eyebrow'], ';'))",
                        "en-US": "@if(equals(outputs('Get_newLocalKit_by_ID')?['body/occt_occ_eyebrow'], null),null, split(outputs('Get_newLocalKit_by_ID')?['body/occt_occ_eyebrow'], ';'))",
                        "en-CA": "@if(equals(outputs('Get_newLocalKit_by_ID')?['body/occt_occ_eyebrow'], null),null, split(outputs('Get_newLocalKit_by_ID')?['body/occt_occ_eyebrow'], ';'))"
                      },
                      "c_OCC_featuredIngredientAsset1": {
                        "default": "@{outputs('Get_newLocalKit_by_ID')?['body/occt_occ_featuredingredientasset1']}",
                        "en-US": "@{outputs('Get_newLocalKit_by_ID')?['body/occt_occ_featuredingredientasset1']}",
                        "en-CA": "@{outputs('Get_newLocalKit_by_ID')?['body/occt_occ_featuredingredientasset1']}"
                      },
                      "c_OCC_featuredIngredientAsset2": {
                        "default": "@{outputs('Get_newLocalKit_by_ID')?['body/occt_occ_featuredingredientasset2']}",
                        "en-US": "@{outputs('Get_newLocalKit_by_ID')?['body/occt_occ_featuredingredientasset2']}",
                        "en-CA": "@{outputs('Get_newLocalKit_by_ID')?['body/occt_occ_featuredingredientasset2']}"
                      },
                      "c_OCC_featuredIngredientAsset3": {
                        "default": "@{outputs('Get_newLocalKit_by_ID')?['body/occt_occ_featuredingredientasset3']}",
                        "en-US": "@{outputs('Get_newLocalKit_by_ID')?['body/occt_occ_featuredingredientasset3']}",
                        "en-CA": "@{outputs('Get_newLocalKit_by_ID')?['body/occt_occ_featuredingredientasset3']}"
                      },
                      "c_OCC_featuredIngredientAsset4": {
                        "default": "@{outputs('Get_newLocalKit_by_ID')?['body/occt_occ_featuredingredientasset4']}",
                        "en-US": "@{outputs('Get_newLocalKit_by_ID')?['body/occt_occ_featuredingredientasset4']}",
                        "en-CA": "@{outputs('Get_newLocalKit_by_ID')?['body/occt_occ_featuredingredientasset4']}"
                      },
                      "c_OCC_featuredIngredientAsset5": {
                        "default": "@{outputs('Get_newLocalKit_by_ID')?['body/occt_occ_featuredingredientasset5']}",
                        "en-US": "@{outputs('Get_newLocalKit_by_ID')?['body/occt_occ_featuredingredientasset5']}",
                        "en-CA": "@{outputs('Get_newLocalKit_by_ID')?['body/occt_occ_featuredingredientasset5']}"
                      },
                      "c_OCC_collection": {
                        "default": "@if(equals(outputs('Get_newLocalKit_by_ID')?['body/occt_collection'], null),null, split(outputs('Get_newLocalKit_by_ID')?['body/occt_collection'], ';'))",
                        "en-US": "@if(equals(outputs('Get_newLocalKit_by_ID')?['body/occt_collection'], null),null, split(outputs('Get_newLocalKit_by_ID')?['body/occt_collection'], ';'))",
                        "en-CA": "@if(equals(outputs('Get_newLocalKit_by_ID')?['body/occt_collection'], null),null, split(outputs('Get_newLocalKit_by_ID')?['body/occt_collection'], ';'))"
                      },
                      "c_OCC_concern": {
                        "default": "@if(equals(outputs('Get_newLocalKit_by_ID')?['body/occt_occ_concern'], null),null, split(outputs('Get_newLocalKit_by_ID')?['body/occt_occ_concern'], ';'))",
                        "en-US": "@if(equals(outputs('Get_newLocalKit_by_ID')?['body/occt_occ_concern'], null),null, split(outputs('Get_newLocalKit_by_ID')?['body/occt_occ_concern'], ';'))",
                        "en-CA": "@if(equals(outputs('Get_newLocalKit_by_ID')?['body/occt_occ_concern'], null),null, split(outputs('Get_newLocalKit_by_ID')?['body/occt_occ_concern'], ';'))"
                      },
                      "c_OCC_texture": {
                        "default": "@if(equals(outputs('Get_newLocalKit_by_ID')?['body/occt_occ_texture'], null),null, split(outputs('Get_newLocalKit_by_ID')?['body/occt_occ_texture'], ';'))",
                        "en-US": "@if(equals(outputs('Get_newLocalKit_by_ID')?['body/occt_occ_texture'], null),null, split(outputs('Get_newLocalKit_by_ID')?['body/occt_occ_texture'], ';'))",
                        "en-CA": "@if(equals(outputs('Get_newLocalKit_by_ID')?['body/occt_occ_texture'], null),null, split(outputs('Get_newLocalKit_by_ID')?['body/occt_occ_texture'], ';'))"
                      },
                      "c_OCC_fragrance": {
                        "default": "@if(equals(outputs('Get_newLocalKit_by_ID')?['body/occt_occ_fragrance'], null),null, split(outputs('Get_newLocalKit_by_ID')?['body/occt_occ_fragrance'], ';'))",
                        "en-US": "@if(equals(outputs('Get_newLocalKit_by_ID')?['body/occt_occ_fragrance'], null),null, split(outputs('Get_newLocalKit_by_ID')?['body/occt_occ_fragrance'], ';'))",
                        "en-CA": "@if(equals(outputs('Get_newLocalKit_by_ID')?['body/occt_occ_fragrance'], null),null, split(outputs('Get_newLocalKit_by_ID')?['body/occt_occ_fragrance'], ';'))"
                      },
                      "c_OCC_inci": {
                        "default": "@{outputs('Get_newLocalKit_by_ID')?['body/occt_occ_inci']}",
                        "en-US": "@{outputs('Get_newLocalKit_by_ID')?['body/occt_occ_inci']}",
                        "en-CA": "@{outputs('Get_newLocalKit_by_ID')?['body/occt_occ_inci']}"
                      },
                      "c_OCC_tagLine": {
                        "default": "@{outputs('Get_newLocalKit_by_ID')?['body/occt_occ_tagline']}",
                        "en-US": "@{outputs('Get_newLocalKit_by_ID')?['body/occt_occ_tagline']}",
                        "en-CA": "@{outputs('Get_newLocalKit_by_ID')?['body/occt_occ_tagline']}"
                      },
                      "c_OCC_webBenefits": {
                        "default": {
                          "_type": "markup_text",
                          "markup": "@{outputs('Get_newLocalKit_by_ID')?['body/occt_occ_webbenefits']}",
                          "source": "@{outputs('Get_newLocalKit_by_ID')?['body/occt_occ_webbenefits']}"
                        },
                        "en-CA": {
                          "_type": "markup_text",
                          "markup": "@{outputs('Get_newLocalKit_by_ID')?['body/occt_occ_webbenefits']}",
                          "source": "@{outputs('Get_newLocalKit_by_ID')?['body/occt_occ_webbenefits']}"
                        },
                        "en-US": {
                          "_type": "markup_text",
                          "markup": "@{outputs('Get_newLocalKit_by_ID')?['body/occt_occ_webbenefits']}",
                          "source": "@{outputs('Get_newLocalKit_by_ID')?['body/occt_occ_webbenefits']}"
                        }
                      },
                      "c_OCC_testResultDescriptions": {
                        "default": "@if(equals(outputs('Get_newLocalKit_by_ID')?['body/occt_testresultdescription'], null),null, split(outputs('Get_newLocalKit_by_ID')?['body/occt_testresultdescription'], ';'))",
                        "en-CA": "@if(equals(outputs('Get_newLocalKit_by_ID')?['body/occt_testresultdescription'], null),null, split(outputs('Get_newLocalKit_by_ID')?['body/occt_testresultdescription'], ';'))",
                        "en-US": "@if(equals(outputs('Get_newLocalKit_by_ID')?['body/occt_testresultdescription'], null),null, split(outputs('Get_newLocalKit_by_ID')?['body/occt_testresultdescription'], ';'))"
                      },
                      "c_OCC_testResultDisclaimers": {
                        "default": "@if(equals(outputs('Get_newLocalKit_by_ID')?['body/occt_testresultdisclaimer'], null),null, split(outputs('Get_newLocalKit_by_ID')?['body/occt_testresultdisclaimer'], ';'))",
                        "en-CA": "@if(equals(outputs('Get_newLocalKit_by_ID')?['body/occt_testresultdisclaimer'], null),null, split(outputs('Get_newLocalKit_by_ID')?['body/occt_testresultdisclaimer'], ';'))",
                        "en-US": "@if(equals(outputs('Get_newLocalKit_by_ID')?['body/occt_testresultdisclaimer'], null),null, split(outputs('Get_newLocalKit_by_ID')?['body/occt_testresultdisclaimer'], ';'))"
                      },
                      "c_OCC_testResultTitle": {
                        "default": "Test Results",
                        "en-US": "Test Results",
                        "en-CA": "Test Results"
                      },
                      "c_OCC_testResultValues": {
                        "default": "@outputs('Get_newLocalKit_by_ID')?['body/occt_testresultvalue']",
                        "en-CA": "@outputs('Get_newLocalKit_by_ID')?['body/occt_testresultvalue']",
                        "en-US": "@outputs('Get_newLocalKit_by_ID')?['body/occt_testresultvalue']"
                      },
                      "c_OCC_routineDescription": {
                        "default": {
                          "_type": "markup_text",
                          "markup": "@{outputs('Get_newLocalKit_by_ID')?['body/occt_routinedescription']}",
                          "source": "@{outputs('Get_newLocalKit_by_ID')?['body/occt_routinedescription']}"
                        },
                        "en-US": {
                          "_type": "markup_text",
                          "markup": "@{outputs('Get_newLocalKit_by_ID')?['body/occt_routinedescription']}",
                          "source": "@{outputs('Get_newLocalKit_by_ID')?['body/occt_routinedescription']}"
                        },
                        "en-CA": {
                          "_type": "markup_text",
                          "markup": "@{outputs('Get_newLocalKit_by_ID')?['body/occt_routinedescription']}",
                          "source": "@{outputs('Get_newLocalKit_by_ID')?['body/occt_routinedescription']}"
                        }
                      },
                      "c_OCC_routineProducts": {
                        "default": "@if(equals(outputs('Get_newLocalKit_by_ID')?['body/occt_routineproducts'], null),null, split(outputs('Get_newLocalKit_by_ID')?['body/occt_routineproducts'], ';'))",
                        "default@OCC_US": "@if(equals(outputs('Get_newLocalKit_by_ID')?['body/occt_routineproducts'], null),null, split(outputs('Get_newLocalKit_by_ID')?['body/occt_routineproducts'], ';'))",
                        "default@OCC_CA": "@if(equals(outputs('Get_newLocalKit_by_ID')?['body/occt_routineproducts'], null),null, split(outputs('Get_newLocalKit_by_ID')?['body/occt_routineproducts'], ';'))"
                      },
                      "c_OCC_routineProductsMainActions": {
                        "default": "@if(equals(outputs('Get_newLocalKit_by_ID')?['body/occt_routineproductsmainactions'], null),null, split(outputs('Get_newLocalKit_by_ID')?['body/occt_routineproductsmainactions'], ';'))",
                        "en-CA": "@if(equals(outputs('Get_newLocalKit_by_ID')?['body/occt_routineproductsmainactions'], null),null, split(outputs('Get_newLocalKit_by_ID')?['body/occt_routineproductsmainactions'], ';'))",
                        "en-US": "@if(equals(outputs('Get_newLocalKit_by_ID')?['body/occt_routineproductsmainactions'], null),null, split(outputs('Get_newLocalKit_by_ID')?['body/occt_routineproductsmainactions'], ';'))"
                      },
                      "c_OCC_routineTitleDescription": {
                        "default": {
                          "_type": "markup_text",
                          "markup": "@{outputs('Get_newLocalKit_by_ID')?['body/occt_routinetitledescription']}",
                          "source": "@{outputs('Get_newLocalKit_by_ID')?['body/occt_routinetitledescription']}"
                        },
                        "en-US": {
                          "_type": "markup_text",
                          "markup": "@{outputs('Get_newLocalKit_by_ID')?['body/occt_routinetitledescription']}",
                          "source": "@{outputs('Get_newLocalKit_by_ID')?['body/occt_routinetitledescription']}"
                        },
                        "en-CA": {
                          "_type": "markup_text",
                          "markup": "@{outputs('Get_newLocalKit_by_ID')?['body/occt_routinetitledescription']}",
                          "source": "@{outputs('Get_newLocalKit_by_ID')?['body/occt_routinetitledescription']}"
                        }
                      },
                      "c_OCC_grossWeight": "@outputs('Get_newLocalKit_by_ID')?['body/occt_occ_grossweight']",
                      "c_OCC_height": "@outputs('Get_newLocalKit_by_ID')?['body/occt_occ_height']",
                      "c_OCC_isHazmat": true,
                      "c_OCC_length": "@outputs('Get_newLocalKit_by_ID')?['body/occt_occ_length']",
                      "c_OCC_netWeight": "@outputs('Get_newLocalKit_by_ID')?['body/occt_occ_netweight']",
                      "c_OCC_type": "@{outputs('Get_newLocalKit_by_ID')?['body/occt_occ_type']}",
                      "c_OCC_width": "@outputs('Get_newLocalKit_by_ID')?['body/occt_occ_width']",
                      "c_OCC_isVirtualKit": true
                    }
                  },
                  "metadata": {
                    "operationMetadataId": "ee92b7a0-019d-4584-87c6-cf9a0680f7a1"
                  }
                }
              },
              "case": "default"
            },
            "Caseen-US": {
              "actions": {
                "HTTPLocalKitEnUS": {
                  "type": "Http",
                  "inputs": {
                    "uri": "@{parameters('var (occt_varPushToSFCCEndpoint)')}@{triggerBody()['text_1']}",
                    "method": "PATCH",
                    "headers": {
                      "Authorization": "Bearer @{body('Run_a_Child_Flow')?['accesstoken']}"
                    },
                    "body": {
                      "ean": "@{outputs('Get_newLocalKit_by_ID')?['body/occt_ean']}",
                      "id": "@{outputs('Get_newLocalKit_by_ID')?['body/occt_sku']}",
                      "long_description": {
                        "en-US": {
                          "_type": "markup_text",
                          "markup": "@{outputs('Get_newLocalKit_by_ID')?['body/occt_description']}",
                          "source": "@{outputs('Get_newLocalKit_by_ID')?['body/occt_description']}"
                        }
                      },
                      "name": {
                        "en-US": "@{outputs('Get_newLocalKit_by_ID')?['body/occt_name']}"
                      },
                      "online_flag": {
                        "default": true,
                        "default@OCC_CA": true,
                        "default@OCC_US": true
                      },
                      "owning_catalog_id": "occ_master",
                      "page_description": {
                        "en-US": "@{outputs('Get_newLocalKit_by_ID')?['body/occt_pagedescription']}"
                      },
                      "page_title": {
                        "en-US": "@{outputs('Get_newLocalKit_by_ID')?['body/occt_pagetitle']}"
                      },
                      "searchable": {
                        "default@OCC_US": true
                      },
                      "c_OCC_AddToCartDisabled": {
                        "en-US": true
                      },
                      "c_OCC_CallCenterDescription": {
                        "en-US": "@{outputs('Get_newLocalKit_by_ID')?['body/occt_callcenterdescription']}"
                      },
                      "c_OCC_applicationArea": {
                        "en-US": {
                          "_type": "markup_text",
                          "markup": "<p>@{outputs('Get_newLocalKit_by_ID')?['body/occt_occ_applicationarea']}</p>",
                          "source": "<p>@{outputs('Get_newLocalKit_by_ID')?['body/occt_occ_applicationarea']}</p>"
                        }
                      },
                      "c_OCC_brand": {
                        "en-US": "@{outputs('Get_newLocalKit_by_ID')?['body/occt_brand']}"
                      },
                      "c_OCC_departmentNumber": "@{outputs('Get_newLocalKit_by_ID')?['body/occt_departmentnumber']}",
                      "c_OCC_eyebrow": {
                        "en-US": "@if(equals(outputs('Get_newLocalKit_by_ID')?['body/occt_occ_eyebrow'], null),null, split(outputs('Get_newLocalKit_by_ID')?['body/occt_occ_eyebrow'], ';'))"
                      },
                      "c_OCC_featuredIngredientAsset1": {
                        "en-US": "@{outputs('Get_newLocalKit_by_ID')?['body/occt_occ_featuredingredientasset1']}"
                      },
                      "c_OCC_featuredIngredientAsset2": {
                        "en-US": "@{outputs('Get_newLocalKit_by_ID')?['body/occt_occ_featuredingredientasset2']}"
                      },
                      "c_OCC_featuredIngredientAsset3": {
                        "en-US": "@{outputs('Get_newLocalKit_by_ID')?['body/occt_occ_featuredingredientasset3']}"
                      },
                      "c_OCC_featuredIngredientAsset4": {
                        "en-US": "@{outputs('Get_newLocalKit_by_ID')?['body/occt_occ_featuredingredientasset4']}"
                      },
                      "c_OCC_featuredIngredientAsset5": {
                        "en-US": "@{outputs('Get_newLocalKit_by_ID')?['body/occt_occ_featuredingredientasset5']}"
                      },
                      "c_OCC_collection": {
                        "en-US": "@if(equals(outputs('Get_newLocalKit_by_ID')?['body/occt_collection'], null),null, split(outputs('Get_newLocalKit_by_ID')?['body/occt_collection'], ';'))"
                      },
                      "c_OCC_concern": {
                        "en-US": "@if(equals(outputs('Get_newLocalKit_by_ID')?['body/occt_occ_concern'], null),null, split(outputs('Get_newLocalKit_by_ID')?['body/occt_occ_concern'], ';'))"
                      },
                      "c_OCC_texture": {
                        "en-US": "@if(equals(outputs('Get_newLocalKit_by_ID')?['body/occt_occ_texture'], null),null, split(outputs('Get_newLocalKit_by_ID')?['body/occt_occ_texture'], ';'))"
                      },
                      "c_OCC_fragrance": {
                        "en-US": "@if(equals(outputs('Get_newLocalKit_by_ID')?['body/occt_occ_fragrance'], null),null, split(outputs('Get_newLocalKit_by_ID')?['body/occt_occ_fragrance'], ';'))"
                      },
                      "c_OCC_inci": {
                        "en-US": "@{outputs('Get_newLocalKit_by_ID')?['body/occt_occ_inci']}"
                      },
                      "c_OCC_tagLine": {
                        "en-US": "@{outputs('Get_newLocalKit_by_ID')?['body/occt_occ_tagline']}"
                      },
                      "c_OCC_webBenefits": {
                        "en-US": {
                          "_type": "markup_text",
                          "markup": "@{outputs('Get_newLocalKit_by_ID')?['body/occt_occ_webbenefits']}",
                          "source": "@{outputs('Get_newLocalKit_by_ID')?['body/occt_occ_webbenefits']}"
                        }
                      },
                      "c_OCC_testResultDescriptions": {
                        "en-US": "@if(equals(outputs('Get_newLocalKit_by_ID')?['body/occt_testresultdescription'], null),null, split(outputs('Get_newLocalKit_by_ID')?['body/occt_testresultdescription'], ';'))"
                      },
                      "c_OCC_testResultDisclaimers": {
                        "en-US": "@if(equals(outputs('Get_newLocalKit_by_ID')?['body/occt_testresultdisclaimer'], null),null, split(outputs('Get_newLocalKit_by_ID')?['body/occt_testresultdisclaimer'], ';'))"
                      },
                      "c_OCC_testResultTitle": {
                        "en-US": "Test Results"
                      },
                      "c_OCC_testResultValues": {
                        "en-US": "@outputs('Get_newLocalKit_by_ID')?['body/occt_testresultvalue']"
                      },
                      "c_OCC_routineDescription": {
                        "en-US": {
                          "_type": "markup_text",
                          "markup": "@{outputs('Get_newLocalKit_by_ID')?['body/occt_routinedescription']}",
                          "source": "@{outputs('Get_newLocalKit_by_ID')?['body/occt_routinedescription']}"
                        }
                      },
                      "c_OCC_routineProducts": {
                        "default@OCC_US": "@if(equals(outputs('Get_newLocalKit_by_ID')?['body/occt_routineproducts'], null),null, split(outputs('Get_newLocalKit_by_ID')?['body/occt_routineproducts'], ';'))"
                      },
                      "c_OCC_routineProductsMainActions": {
                        "en-US": "@if(equals(outputs('Get_newLocalKit_by_ID')?['body/occt_routineproductsmainactions'], null),null, split(outputs('Get_newLocalKit_by_ID')?['body/occt_routineproductsmainactions'], ';'))"
                      },
                      "c_OCC_routineTitleDescription": {
                        "en-US": {
                          "_type": "markup_text",
                          "markup": "@{outputs('Get_newLocalKit_by_ID')?['body/occt_routinetitledescription']}",
                          "source": "@{outputs('Get_newLocalKit_by_ID')?['body/occt_routinetitledescription']}"
                        }
                      },
                      "c_OCC_grossWeight": "@outputs('Get_newLocalKit_by_ID')?['body/occt_occ_grossweight']",
                      "c_OCC_height": "@outputs('Get_newLocalKit_by_ID')?['body/occt_occ_height']",
                      "c_OCC_isHazmat": true,
                      "c_OCC_length": "@outputs('Get_newLocalKit_by_ID')?['body/occt_occ_length']",
                      "c_OCC_netWeight": "@outputs('Get_newLocalKit_by_ID')?['body/occt_occ_netweight']",
                      "c_OCC_type": "@{outputs('Get_newLocalKit_by_ID')?['body/occt_occ_type']}",
                      "c_OCC_width": "@outputs('Get_newLocalKit_by_ID')?['body/occt_occ_width']",
                      "c_OCC_isVirtualKit": false
                    }
                  },
                  "metadata": {
                    "operationMetadataId": "eaf2727b-f4c6-44ac-b414-635566593c42"
                  }
                }
              },
              "case": "en-US"
            },
            "Caseen-CA": {
              "actions": {
                "HTTPLocalKitEnCA": {
                  "type": "Http",
                  "inputs": {
                    "uri": "@{parameters('var (occt_varPushToSFCCEndpoint)')}@{triggerBody()['text_1']}",
                    "method": "PATCH",
                    "headers": {
                      "Authorization": "Bearer @{body('Run_a_Child_Flow')?['accesstoken']}"
                    },
                    "body": {
                      "ean": "@{outputs('Get_newLocalKit_by_ID')?['body/occt_ean']}",
                      "id": "@{outputs('Get_newLocalKit_by_ID')?['body/occt_sku']}",
                      "long_description": {
                        "en-CA": {
                          "_type": "markup_text",
                          "markup": "@{outputs('Get_newLocalKit_by_ID')?['body/occt_description']}",
                          "source": "@{outputs('Get_newLocalKit_by_ID')?['body/occt_description']}"
                        }
                      },
                      "name": {
                        "en-CA": "@{outputs('Get_newLocalKit_by_ID')?['body/occt_name']}"
                      },
                      "online_flag": {
                        "default@OCC_CA": true
                      },
                      "owning_catalog_id": "occ_master",
                      "page_description": {
                        "en-CA": "@{outputs('Get_newLocalKit_by_ID')?['body/occt_pagedescription']}"
                      },
                      "page_title": {
                        "en-CA": "@{outputs('Get_newLocalKit_by_ID')?['body/occt_pagetitle']}"
                      },
                      "searchable": {
                        "default@OCC_CA": true
                      },
                      "c_OCC_AddToCartDisabled": {
                        "en-CA": true
                      },
                      "c_OCC_CallCenterDescription": {
                        "en-CA": "@{outputs('Get_newLocalKit_by_ID')?['body/occt_callcenterdescription']}"
                      },
                      "c_OCC_applicationArea": {
                        "en-CA": {
                          "_type": "markup_text",
                          "markup": "<p>@{outputs('Get_newLocalKit_by_ID')?['body/occt_occ_applicationarea']}</p>",
                          "source": "<p>@{outputs('Get_newLocalKit_by_ID')?['body/occt_occ_applicationarea']}</p>"
                        }
                      },
                      "c_OCC_brand": {
                        "en-CA": "@{outputs('Get_newLocalKit_by_ID')?['body/occt_brand']}"
                      },
                      "c_OCC_departmentNumber": "@{outputs('Get_newLocalKit_by_ID')?['body/occt_departmentnumber']}",
                      "c_OCC_eyebrow": {
                        "en-CA": "@if(equals(outputs('Get_newLocalKit_by_ID')?['body/occt_occ_eyebrow'], null),null, split(outputs('Get_newLocalKit_by_ID')?['body/occt_occ_eyebrow'], ';'))"
                      },
                      "c_OCC_featuredIngredientAsset1": {
                        "en-CA": "@{outputs('Get_newLocalKit_by_ID')?['body/occt_occ_featuredingredientasset1']}"
                      },
                      "c_OCC_featuredIngredientAsset2": {
                        "en-CA": "@{outputs('Get_newLocalKit_by_ID')?['body/occt_occ_featuredingredientasset2']}"
                      },
                      "c_OCC_featuredIngredientAsset3": {
                        "en-CA": "@{outputs('Get_newLocalKit_by_ID')?['body/occt_occ_featuredingredientasset3']}"
                      },
                      "c_OCC_featuredIngredientAsset4": {
                        "en-CA": "@{outputs('Get_newLocalKit_by_ID')?['body/occt_occ_featuredingredientasset4']}"
                      },
                      "c_OCC_featuredIngredientAsset5": {
                        "en-CA": "@{outputs('Get_newLocalKit_by_ID')?['body/occt_occ_featuredingredientasset5']}"
                      },
                      "c_OCC_collection": {
                        "en-CA": "@if(equals(outputs('Get_newLocalKit_by_ID')?['body/occt_collection'], null),null, split(outputs('Get_newLocalKit_by_ID')?['body/occt_collection'], ';'))"
                      },
                      "c_OCC_concern": {
                        "en-CA": "@if(equals(outputs('Get_newLocalKit_by_ID')?['body/occt_occ_concern'], null),null, split(outputs('Get_newLocalKit_by_ID')?['body/occt_occ_concern'], ';'))"
                      },
                      "c_OCC_texture": {
                        "en-CA": "@if(equals(outputs('Get_newLocalKit_by_ID')?['body/occt_occ_texture'], null),null, split(outputs('Get_newLocalKit_by_ID')?['body/occt_occ_texture'], ';'))"
                      },
                      "c_OCC_fragrance": {
                        "en-CA": "@if(equals(outputs('Get_newLocalKit_by_ID')?['body/occt_occ_fragrance'], null),null, split(outputs('Get_newLocalKit_by_ID')?['body/occt_occ_fragrance'], ';'))"
                      },
                      "c_OCC_inci": {
                        "en-CA": "@{outputs('Get_newLocalKit_by_ID')?['body/occt_occ_inci']}"
                      },
                      "c_OCC_tagLine": {
                        "en-CA": "@{outputs('Get_newLocalKit_by_ID')?['body/occt_occ_tagline']}"
                      },
                      "c_OCC_webBenefits": {
                        "en-CA": {
                          "_type": "markup_text",
                          "markup": "@{outputs('Get_newLocalKit_by_ID')?['body/occt_occ_webbenefits']}",
                          "source": "@{outputs('Get_newLocalKit_by_ID')?['body/occt_occ_webbenefits']}"
                        }
                      },
                      "c_OCC_testResultDescriptions": {
                        "en-CA": "@if(equals(outputs('Get_newLocalKit_by_ID')?['body/occt_testresultdescription'], null),null, split(outputs('Get_newLocalKit_by_ID')?['body/occt_testresultdescription'], ';'))"
                      },
                      "c_OCC_testResultDisclaimers": {
                        "en-CA": "@if(equals(outputs('Get_newLocalKit_by_ID')?['body/occt_testresultdisclaimer'], null),null, split(outputs('Get_newLocalKit_by_ID')?['body/occt_testresultdisclaimer'], ';'))"
                      },
                      "c_OCC_testResultTitle": {
                        "en-CA": "Test Results"
                      },
                      "c_OCC_testResultValues": {
                        "en-CA": "@outputs('Get_newLocalKit_by_ID')?['body/occt_testresultvalue']"
                      },
                      "c_OCC_routineDescription": {
                        "en-CA": {
                          "_type": "markup_text",
                          "markup": "@{outputs('Get_newLocalKit_by_ID')?['body/occt_routinedescription']}",
                          "source": "@{outputs('Get_newLocalKit_by_ID')?['body/occt_routinedescription']}"
                        }
                      },
                      "c_OCC_routineProducts": {
                        "default@OCC_CA": "@if(equals(outputs('Get_newLocalKit_by_ID')?['body/occt_routineproducts'], null),null, split(outputs('Get_newLocalKit_by_ID')?['body/occt_routineproducts'], ';'))"
                      },
                      "c_OCC_routineProductsMainActions": {
                        "en-CA": "@if(equals(outputs('Get_newLocalKit_by_ID')?['body/occt_routineproductsmainactions'], null),null, split(outputs('Get_newLocalKit_by_ID')?['body/occt_routineproductsmainactions'], ';'))"
                      },
                      "c_OCC_routineTitleDescription": {
                        "en-CA": {
                          "_type": "markup_text",
                          "markup": "@{outputs('Get_newLocalKit_by_ID')?['body/occt_routinetitledescription']}",
                          "source": "@{outputs('Get_newLocalKit_by_ID')?['body/occt_routinetitledescription']}"
                        }
                      },
                      "c_OCC_grossWeight": "@outputs('Get_newLocalKit_by_ID')?['body/occt_occ_grossweight']",
                      "c_OCC_height": "@outputs('Get_newLocalKit_by_ID')?['body/occt_occ_height']",
                      "c_OCC_isHazmat": true,
                      "c_OCC_length": "@outputs('Get_newLocalKit_by_ID')?['body/occt_occ_length']",
                      "c_OCC_netWeight": "@outputs('Get_newLocalKit_by_ID')?['body/occt_occ_netweight']",
                      "c_OCC_type": "@{outputs('Get_newLocalKit_by_ID')?['body/occt_occ_type']}",
                      "c_OCC_width": "@outputs('Get_newLocalKit_by_ID')?['body/occt_occ_width']",
                      "c_OCC_isVirtualKit": false
                    }
                  },
                  "metadata": {
                    "operationMetadataId": "11d2dd1e-3d8e-49d0-b744-167f4dc8c7b2"
                  }
                }
              },
              "case": "en-CA"
            },
            "Casefr-CA": {
              "actions": {
                "HTTPLocalFrCA": {
                  "type": "Http",
                  "inputs": {
                    "uri": "@{parameters('var (occt_varPushToSFCCEndpoint)')}@{triggerBody()['text_1']}",
                    "method": "PATCH",
                    "headers": {
                      "Authorization": "Bearer @{body('Run_a_Child_Flow')?['accesstoken']}"
                    },
                    "body": {
                      "ean": "@{outputs('Get_newLocalKit_by_ID')?['body/occt_ean']}",
                      "id": "@{outputs('Get_newLocalKit_by_ID')?['body/occt_sku']}",
                      "long_description": {
                        "fr-CA": {
                          "_type": "markup_text",
                          "markup": "@{outputs('Get_newLocalKit_by_ID')?['body/occt_description']}",
                          "source": "@{outputs('Get_newLocalKit_by_ID')?['body/occt_description']}"
                        }
                      },
                      "name": {
                        "fr-CA": "@{outputs('Get_newLocalKit_by_ID')?['body/occt_name']}"
                      },
                      "online_flag": {
                        "default@OCC_CA": true
                      },
                      "owning_catalog_id": "occ_master",
                      "page_description": {
                        "fr-CA": "@{outputs('Get_newLocalKit_by_ID')?['body/occt_pagedescription']}"
                      },
                      "page_title": {
                        "fr-CA": "@{outputs('Get_newLocalKit_by_ID')?['body/occt_pagetitle']}"
                      },
                      "searchable": {
                        "default@OCC_CA": true
                      },
                      "c_OCC_AddToCartDisabled": {
                        "fr-CA": true
                      },
                      "c_OCC_CallCenterDescription": {
                        "fr-CA": "@{outputs('Get_newLocalKit_by_ID')?['body/occt_callcenterdescription']}"
                      },
                      "c_OCC_applicationArea": {
                        "fr-CA": {
                          "_type": "markup_text",
                          "markup": "<p>@{outputs('Get_newLocalKit_by_ID')?['body/occt_occ_applicationarea']}</p>",
                          "source": "<p>@{outputs('Get_newLocalKit_by_ID')?['body/occt_occ_applicationarea']}</p>"
                        }
                      },
                      "c_OCC_brand": {
                        "fr-CA": "@{outputs('Get_newLocalKit_by_ID')?['body/occt_brand']}"
                      },
                      "c_OCC_departmentNumber": "@{outputs('Get_newLocalKit_by_ID')?['body/occt_departmentnumber']}",
                      "c_OCC_eyebrow": {
                        "fr-CA": "@if(equals(outputs('Get_newLocalKit_by_ID')?['body/occt_occ_eyebrow'], null),null, split(outputs('Get_newLocalKit_by_ID')?['body/occt_occ_eyebrow'], ';'))"
                      },
                      "c_OCC_featuredIngredientAsset1": {
                        "fr-CA": "@{outputs('Get_newLocalKit_by_ID')?['body/occt_occ_featuredingredientasset1']}"
                      },
                      "c_OCC_featuredIngredientAsset2": {
                        "fr-CA": "@{outputs('Get_newLocalKit_by_ID')?['body/occt_occ_featuredingredientasset2']}"
                      },
                      "c_OCC_featuredIngredientAsset3": {
                        "fr-CA": "@{outputs('Get_newLocalKit_by_ID')?['body/occt_occ_featuredingredientasset3']}"
                      },
                      "c_OCC_featuredIngredientAsset4": {
                        "fr-CA": "@{outputs('Get_newLocalKit_by_ID')?['body/occt_occ_featuredingredientasset4']}"
                      },
                      "c_OCC_featuredIngredientAsset5": {
                        "fr-CA": "@{outputs('Get_newLocalKit_by_ID')?['body/occt_occ_featuredingredientasset5']}"
                      },
                      "c_OCC_collection": {
                        "fr-CA": "@if(equals(outputs('Get_newLocalKit_by_ID')?['body/occt_collection'], null),null, split(outputs('Get_newLocalKit_by_ID')?['body/occt_collection'], ';'))"
                      },
                      "c_OCC_concern": {
                        "fr-CA": "@if(equals(outputs('Get_newLocalKit_by_ID')?['body/occt_occ_concern'], null),null, split(outputs('Get_newLocalKit_by_ID')?['body/occt_occ_concern'], ';'))"
                      },
                      "c_OCC_texture": {
                        "fr-CA": "@if(equals(outputs('Get_newLocalKit_by_ID')?['body/occt_occ_texture'], null),null, split(outputs('Get_newLocalKit_by_ID')?['body/occt_occ_texture'], ';'))"
                      },
                      "c_OCC_fragrance": {
                        "fr-CA": "@if(equals(outputs('Get_newLocalKit_by_ID')?['body/occt_occ_fragrance'], null),null, split(outputs('Get_newLocalKit_by_ID')?['body/occt_occ_fragrance'], ';'))"
                      },
                      "c_OCC_inci": {
                        "fr-CA": "@{outputs('Get_newLocalKit_by_ID')?['body/occt_occ_inci']}"
                      },
                      "c_OCC_tagLine": {
                        "fr-CA": "@{outputs('Get_newLocalKit_by_ID')?['body/occt_occ_tagline']}"
                      },
                      "c_OCC_webBenefits": {
                        "fr-CA": {
                          "_type": "markup_text",
                          "markup": "@{outputs('Get_newLocalKit_by_ID')?['body/occt_occ_webbenefits']}",
                          "source": "@{outputs('Get_newLocalKit_by_ID')?['body/occt_occ_webbenefits']}"
                        }
                      },
                      "c_OCC_testResultDescriptions": {
                        "fr-CA": "@if(equals(outputs('Get_newLocalKit_by_ID')?['body/occt_testresultdescription'], null),null, split(outputs('Get_newLocalKit_by_ID')?['body/occt_testresultdescription'], ';'))"
                      },
                      "c_OCC_testResultDisclaimers": {
                        "fr-CA": "@if(equals(outputs('Get_newLocalKit_by_ID')?['body/occt_testresultdisclaimer'], null),null, split(outputs('Get_newLocalKit_by_ID')?['body/occt_testresultdisclaimer'], ';'))"
                      },
                      "c_OCC_testResultTitle": {
                        "fr-CA": "Test Results"
                      },
                      "c_OCC_testResultValues": {
                        "fr-CA": "@outputs('Get_newLocalKit_by_ID')?['body/occt_testresultvalue']"
                      },
                      "c_OCC_routineDescription": {
                        "fr-CA": {
                          "_type": "markup_text",
                          "markup": "@{outputs('Get_newLocalKit_by_ID')?['body/occt_routinedescription']}",
                          "source": "@{outputs('Get_newLocalKit_by_ID')?['body/occt_routinedescription']}"
                        }
                      },
                      "c_OCC_routineProducts": {
                        "default@OCC_CA": "@if(equals(outputs('Get_newLocalKit_by_ID')?['body/occt_routineproducts'], null),null, split(outputs('Get_newLocalKit_by_ID')?['body/occt_routineproducts'], ';'))"
                      },
                      "c_OCC_routineProductsMainActions": {
                        "fr-CA": "@if(equals(outputs('Get_newLocalKit_by_ID')?['body/occt_routineproductsmainactions'], null),null, split(outputs('Get_newLocalKit_by_ID')?['body/occt_routineproductsmainactions'], ';'))"
                      },
                      "c_OCC_routineTitleDescription": {
                        "fr-CA": {
                          "_type": "markup_text",
                          "markup": "@{outputs('Get_newLocalKit_by_ID')?['body/occt_routinetitledescription']}",
                          "source": "@{outputs('Get_newLocalKit_by_ID')?['body/occt_routinetitledescription']}"
                        }
                      },
                      "c_OCC_grossWeight": "@outputs('Get_newLocalKit_by_ID')?['body/occt_occ_grossweight']",
                      "c_OCC_height": "@outputs('Get_newLocalKit_by_ID')?['body/occt_occ_height']",
                      "c_OCC_isHazmat": true,
                      "c_OCC_length": "@outputs('Get_newLocalKit_by_ID')?['body/occt_occ_length']",
                      "c_OCC_netWeight": "@outputs('Get_newLocalKit_by_ID')?['body/occt_occ_netweight']",
                      "c_OCC_type": "@{outputs('Get_newLocalKit_by_ID')?['body/occt_occ_type']}",
                      "c_OCC_width": "@outputs('Get_newLocalKit_by_ID')?['body/occt_occ_width']",
                      "c_OCC_isVirtualKit": false
                    }
                  },
                  "metadata": {
                    "operationMetadataId": "0a2d25d7-2163-4e23-aa4a-002ce44b788f"
                  }
                }
              },
              "case": "fr-CA"
            }
          },
          "runAfter": {
            "Run_a_Child_Flow": [
              "Succeeded"
            ]
          },
          "metadata": {
            "operationMetadataId": "39695e16-ea20-41b7-bb92-1b3774fe36a5"
          }
        },
        "Get_newLocalKit_by_ID": {
          "type": "OpenApiConnection",
          "inputs": {
            "parameters": {
              "entityName": "occt_kits",
              "recordId": "@triggerBody()['text_2']"
            },
            "host": {
              "apiId": "/providers/Microsoft.PowerApps/apis/shared_commondataserviceforapps",
              "operationId": "GetItem",
              "connectionName": "shared_commondataserviceforapps"
            }
          },
          "runAfter": {},
          "metadata": {
            "operationMetadataId": "a5b7889b-3b8f-47af-be02-cb265c84b6a3"
          }
        },
        "Respond_to_a_Power_App_or_flow": {
          "type": "Response",
          "kind": "PowerApp",
          "inputs": {
            "schema": {
              "type": "object",
              "properties": {
                "response": {
                  "title": "Response",
                  "x-ms-dynamically-added": true,
                  "type": "string"
                }
              },
              "additionalProperties": {}
            },
            "statusCode": 200,
            "body": {
              "response": "Error request not send correctly to SFCC"
            }
          },
          "runAfter": {
            "Switch": [
              "Failed"
            ]
          },
          "metadata": {
            "operationMetadataId": "161e759e-3452-4246-ad62-e8fdfeb0e205"
          }
        },
        "Respond_to_a_Power_App_or_flow_2": {
          "type": "Response",
          "kind": "PowerApp",
          "inputs": {
            "schema": {
              "type": "object",
              "properties": {
                "response": {
                  "title": "Response",
                  "x-ms-dynamically-added": true,
                  "type": "string"
                }
              },
              "additionalProperties": {}
            },
            "statusCode": 200,
            "body": {
              "response": "Your update has been successfully sent to SFCC."
            }
          },
          "runAfter": {
            "Switch": [
              "Succeeded"
            ]
          },
          "metadata": {
            "operationMetadataId": "15865244-05dd-471c-b814-006709d1b1a9"
          }
        }
      },
      "outputs": {}
    },
    "templateName": null
  },
  "schemaVersion": "1.0.0.0"
}