{
  "properties": {
    "connectionReferences": {
      "shared_sharepointonline_2": {
        "api": {
          "name": "shared_sharepointonline"
        },
        "connection": {
          "connectionReferenceLogicalName": "occt_sharedsharepointonline_21b3d"
        },
        "runtimeSource": "invoker"
      },
      "shared_excelonlinebusiness": {
        "api": {
          "name": "shared_excelonlinebusiness"
        },
        "connection": {
          "connectionReferenceLogicalName": "new_sharedexcelonlinebusiness_98a83"
        },
        "runtimeSource": "invoker"
      },
      "shared_webcontents": {
        "api": {
          "name": "shared_webcontents"
        },
        "connection": {
          "connectionReferenceLogicalName": "new_sharedwebcontents_9e558"
        },
        "runtimeSource": "invoker"
      }
    },
    "definition": {
      "$schema": "https://schema.management.azure.com/providers/Microsoft.Logic/schemas/2016-06-01/workflowdefinition.json#",
      "contentVersion": "1.0.0.0",
      "parameters": {
        "$authentication": {
          "defaultValue": {},
          "type": "SecureObject"
        },
        "$connections": {
          "defaultValue": {},
          "type": "Object"
        }
      },
      "triggers": {
        "manual": {
          "type": "Request",
          "kind": "PowerAppV2",
          "inputs": {
            "schema": {
              "type": "object",
              "properties": {
                "text": {
                  "title": "varPDFitems",
                  "type": "string",
                  "x-ms-dynamically-added": true,
                  "description": "Please enter your input",
                  "x-ms-content-hint": "TEXT"
                }
              },
              "required": [
                "text"
              ]
            }
          },
          "metadata": {
            "operationMetadataId": "cbba0633-3b93-4e87-b3c2-7f0574c34d87"
          }
        }
      },
      "actions": {
        "JSONoutput": {
          "type": "Compose",
          "inputs": "@json(outputs('cleanEscapeCharacters'))",
          "runAfter": {
            "cleanEscapeCharacters": [
              "Succeeded"
            ]
          },
          "metadata": {
            "operationMetadataId": "21447dc6-dcfe-45e1-8678-70050f888be8"
          }
        },
        "flatJSONoutput": {
          "type": "Select",
          "inputs": {
            "from": "@outputs('JSONoutput')",
            "select": "@item()?['Value']"
          },
          "runAfter": {
            "SetPropertyTest": [
              "Succeeded"
            ]
          },
          "metadata": {
            "operationMetadataId": "372b6be1-5d0a-432e-9fba-a3f8451a4140"
          }
        },
        "SetPropertyTest": {
          "type": "Select",
          "inputs": {
            "from": "@outputs('JSONoutput')",
            "select": "@setProperty(item()?['Value'],'long description',replace(replace(string(item()?['Value']?['long description']),decodeUriComponent('%0D'),' '),decodeUriComponent('%0A'),' '))"
          },
          "runAfter": {
            "JSONoutput": [
              "Succeeded"
            ]
          },
          "metadata": {
            "operationMetadataId": "1b795376-e6ba-43ed-b94f-dac7eec00b9e"
          }
        },
        "cleanEscapeCharacters": {
          "type": "Compose",
          "inputs": "@replace(replace(replace(replace(triggerBody()?['text'],decodeUriComponent('%0D'),' '),decodeUriComponent('%0A'),' '),'\\n', ' '),'\\r',' ')",
          "runAfter": {},
          "metadata": {
            "operationMetadataId": "abc61dbe-0b7f-4978-a39e-bfbd4fd17186"
          }
        },
        "CreateExportFile": {
          "type": "OpenApiConnection",
          "inputs": {
            "parameters": {
              "dataset": "https://loccitanegroup.sharepoint.com/sites/powerplatformna2",
              "folderPath": "/Shared Documents/General/CatalogEase - PP Product easy info/Excel_Extracts",
              "name": "CE_ProductDataExport_@{utcNow('yyyyMMddHHmm')}.xlsx",
              "body": " "
            },
            "host": {
              "apiId": "/providers/Microsoft.PowerApps/apis/shared_sharepointonline",
              "operationId": "CreateFile",
              "connectionName": "shared_sharepointonline_2"
            }
          },
          "runAfter": {
            "SortJSONoutput": [
              "SUCCEEDED"
            ]
          },
          "runtimeConfiguration": {
            "contentTransfer": {
              "transferMode": "Chunked"
            }
          },
          "metadata": {
            "operationMetadataId": "55ee4a03-c4a4-46d4-b711-e7957cba2f58"
          }
        },
        "CreateExportTable": {
          "type": "OpenApiConnection",
          "inputs": {
            "parameters": {
              "source": "sites/loccitanegroup.sharepoint.com,ca7ecf45-e418-468a-9c1c-8b05ae30016a,0e05e2b1-bc3b-4a41-90a3-6d565edad0a4",
              "drive": "b!Rc9-yhjkikacHIsFrjABarHiBQ47vEFKkKNtVl7a0KRZW5sKgaKQTZIX7hirqkC7",
              "file": "@outputs('CreateExportFile')?['body/Id']",
              "table/Range": "$A1:$Y1",
              "table/TableName": "CEProductData",
              "table/ColumnsNames": "SKU,Product Name,Eyebrow,Attention Catcher,Long Description,Web Benefits,Featured Ingredient 1,Featured Ingredient Description 1, Featured Ingredient 2,Featured Ingredient Description 2,Featured Ingredient 3,Featured Ingredient Description 3,Featured Ingredient 4,Featured Ingredient Description 4,Featured Ingredient 5,Featured Ingredient Description 5,Test Result Value,Test Result Description,Test Result Dislaimer,Top Note,Heart Note,Base Note,How To Apply,Bundled Products,Locale"
            },
            "host": {
              "apiId": "/providers/Microsoft.PowerApps/apis/shared_excelonlinebusiness",
              "operationId": "CreateTable",
              "connectionName": "shared_excelonlinebusiness"
            }
          },
          "runAfter": {
            "CreateExportFile": [
              "Succeeded"
            ]
          },
          "metadata": {
            "operationMetadataId": "e5f19e86-41b6-449f-a226-f05c49b039bc",
            "tableId": null
          }
        },
        "SelectExportTableRows": {
          "type": "Select",
          "inputs": {
            "from": "@body('SortJSONoutput')",
            "select": [
              "@item()?['sku']",
              "@item()?['product name']",
              "@item()?['eyebrow']",
              "@item()?['attention catcher']",
              "@item()?['long description']",
              "@item()?['web benefits']",
              "@item()?['featured ingredient 1']",
              "@item()?['featured ingredient description 1']",
              "@item()?['featured ingredient 2']",
              "@item()?['featured ingredient description 2']",
              "@item()?['featured ingredient 3']",
              "@item()?['featured ingredient description 3']",
              "@item()?['featured ingredient 4']",
              "@item()?['featured ingredient description 4']",
              "@item()?['featured ingredient 5']",
              "@item()?['featured ingredient description 5']",
              "@item()?['test result value']",
              "@item()?['test result description']",
              "@item()?['test result disclaimer']",
              "@item()?['top note']",
              "@item()?['heart note']",
              "@item()?['base note']",
              "@string(setProperty(item(),'how to apply',replace(replace(string(item()?['how to apply']),decodeUriComponent('%0D'),' '),decodeUriComponent('%0A'),' '))?['how to apply'])",
              "@item()?['bundled product']",
              "@if(contains(string(item()?['locale']),'900370003'),'default','fr-CA')"
            ]
          },
          "runAfter": {
            "Get_file_properties": [
              "Succeeded"
            ]
          },
          "metadata": {
            "operationMetadataId": "d6eb763e-e3d6-4aa8-bd24-dc9303f5a6e6"
          }
        },
        "Create_sharing_link_for_a_file_or_folder": {
          "type": "OpenApiConnection",
          "inputs": {
            "parameters": {
              "dataset": "https://loccitanegroup.sharepoint.com/sites/powerplatformna2",
              "table": "0a9b5b59-a281-4d90-9217-ee18abaa40bb",
              "id": "@outputs('CreateExportFile')?['body/ItemId']",
              "permission/type": "edit",
              "permission/scope": "organization"
            },
            "host": {
              "apiId": "/providers/Microsoft.PowerApps/apis/shared_sharepointonline",
              "operationId": "CreateSharingLink",
              "connectionName": "shared_sharepointonline_2"
            }
          },
          "runAfter": {
            "Get_file_properties": [
              "Succeeded"
            ]
          },
          "metadata": {
            "operationMetadataId": "4cc2c265-6497-46ec-9c69-0cf7cc261d72"
          }
        },
        "Get_file_properties": {
          "type": "OpenApiConnection",
          "inputs": {
            "parameters": {
              "dataset": "https://loccitanegroup.sharepoint.com/sites/powerplatformna2",
              "table": "0a9b5b59-a281-4d90-9217-ee18abaa40bb",
              "id": "@outputs('CreateExportFile')?['body/ItemId']"
            },
            "host": {
              "apiId": "/providers/Microsoft.PowerApps/apis/shared_sharepointonline",
              "operationId": "GetFileItem",
              "connectionName": "shared_sharepointonline_2"
            }
          },
          "runAfter": {
            "CreateExportTable": [
              "Succeeded"
            ]
          },
          "metadata": {
            "operationMetadataId": "98c9491e-a3b0-4987-b888-73aaeeb91b45"
          }
        },
        "Invoke_an_HTTP_request": {
          "type": "OpenApiConnection",
          "inputs": {
            "parameters": {
              "request/method": "POST",
              "request/url": "https://graph.microsoft.com/v1.0/sites('loccitanegroup.sharepoint.com,ca7ecf45-e418-468a-9c1c-8b05ae30016a,0e05e2b1-bc3b-4a41-90a3-6d565edad0a4')/drives/b!Rc9-yhjkikacHIsFrjABarHiBQ47vEFKkKNtVl7a0KRZW5sKgaKQTZIX7hirqkC7/items/@{outputs('Get_file_properties')?['body/{DriveItemId}']}/workbook/tables/CEProductData/rows/add",
              "request/headers": {
                "Content-type": "application/json"
              },
              "request/body": "{\n\"values\": @{body('SelectExportTableRows')}\n}"
            },
            "host": {
              "apiId": "/providers/Microsoft.PowerApps/apis/shared_webcontents",
              "operationId": "InvokeHttp",
              "connectionName": "shared_webcontents"
            }
          },
          "runAfter": {
            "SelectExportTableRows": [
              "Succeeded"
            ]
          },
          "metadata": {
            "operationMetadataId": "8db1e572-eccc-4b0e-b24e-099fb2f469b6"
          }
        },
        "Respond_to_a_Power_App_or_flow": {
          "type": "Response",
          "kind": "PowerApp",
          "inputs": {
            "schema": {
              "type": "object",
              "properties": {
                "url": {
                  "title": "URL",
                  "x-ms-dynamically-added": true,
                  "type": "string"
                }
              },
              "additionalProperties": {}
            },
            "statusCode": 200,
            "body": {
              "url": "@{outputs('Create_sharing_link_for_a_file_or_folder')?['body/link/webUrl']}"
            }
          },
          "runAfter": {
            "Create_sharing_link_for_a_file_or_folder": [
              "Succeeded"
            ]
          },
          "metadata": {
            "operationMetadataId": "2144a2fa-ace2-4efa-a58e-c39c83adf348"
          }
        },
        "SortJSONoutput": {
          "type": "Select",
          "inputs": {
            "from": "@sort(reverse(sort(body('flatJSONoutput'),'locale')),'sku')",
            "select": "@item()"
          },
          "runAfter": {
            "flatJSONoutput": [
              "Succeeded"
            ]
          }
        },
        "Run_script_SP_library_-_AutoFormatTable": {
          "type": "OpenApiConnection",
          "inputs": {
            "parameters": {
              "source": "sites/loccitanegroup.sharepoint.com,ca7ecf45-e418-468a-9c1c-8b05ae30016a,0e05e2b1-bc3b-4a41-90a3-6d565edad0a4",
              "drive": "b!Rc9-yhjkikacHIsFrjABarHiBQ47vEFKkKNtVl7a0KRZW5sKgaKQTZIX7hirqkC7",
              "file": "@outputs('CreateExportFile')?['body/Id']",
              "scriptSource": "sites/loccitanegroup.sharepoint.com,ca7ecf45-e418-468a-9c1c-8b05ae30016a,0e05e2b1-bc3b-4a41-90a3-6d565edad0a4",
              "scriptDrive": "b!Rc9-yhjkikacHIsFrjABarHiBQ47vEFKkKNtVl7a0KRZW5sKgaKQTZIX7hirqkC7",
              "scriptId": "01XXCYWERTBLSWRNOLZNEIF2WMAVJXRAQH"
            },
            "host": {
              "apiId": "/providers/Microsoft.PowerApps/apis/shared_excelonlinebusiness",
              "operationId": "RunScriptProdV2",
              "connectionName": "shared_excelonlinebusiness"
            }
          },
          "runAfter": {
            "Invoke_an_HTTP_request": [
              "Succeeded"
            ]
          },
          "metadata": {
            "01XXCYWERTBLSWRNOLZNEIF2WMAVJXRAQH": "/General/CatalogEase - PP Product easy info/DataTools/AutoFormatTable.osts"
          }
        }
      },
      "outputs": {}
    },
    "templateName": null
  },
  "schemaVersion": "1.0.0.0"
}