{
  "properties": {
    "connectionReferences": {
      "shared_sharepointonline_1": {
        "runtimeSource": "invoker",
        "connection": {
          "connectionReferenceLogicalName": "occt_sharedsharepointonline_21b3d"
        },
        "api": {
          "name": "shared_sharepointonline"
        }
      },
      "shared_excelonlinebusiness": {
        "runtimeSource": "invoker",
        "connection": {
          "connectionReferenceLogicalName": "new_sharedexcelonlinebusiness_98a83"
        },
        "api": {
          "name": "shared_excelonlinebusiness"
        }
      }
    },
    "definition": {
      "$schema": "https://schema.management.azure.com/providers/Microsoft.Logic/schemas/2016-06-01/workflowdefinition.json#",
      "contentVersion": "1.0.0.0",
      "parameters": {
        "$connections": {
          "defaultValue": {},
          "type": "Object"
        },
        "$authentication": {
          "defaultValue": {},
          "type": "SecureObject"
        }
      },
      "triggers": {
        "manual": {
          "metadata": {
            "operationMetadataId": "fe322887-2040-43ae-ac37-1a65c410f1dd"
          },
          "type": "Request",
          "kind": "PowerAppV2",
          "inputs": {
            "schema": {
              "type": "object",
              "properties": {
                "file": {
                  "title": "fileUpload",
                  "type": "object",
                  "x-ms-dynamically-added": true,
                  "description": "Please select file or image",
                  "x-ms-content-hint": "FILE",
                  "properties": {
                    "name": {
                      "type": "string"
                    },
                    "contentBytes": {
                      "type": "string",
                      "format": "byte"
                    }
                  }
                }
              },
              "required": []
            }
          }
        }
      },
      "actions": {
        "Create_file": {
          "runAfter": {},
          "metadata": {
            "operationMetadataId": "0fdc6e09-c02c-4393-8e7d-afc56c8409a5"
          },
          "type": "OpenApiConnection",
          "inputs": {
            "host": {
              "connectionName": "shared_sharepointonline_1",
              "operationId": "CreateFile",
              "apiId": "/providers/Microsoft.PowerApps/apis/shared_sharepointonline"
            },
            "parameters": {
              "dataset": "https://loccitanegroup.sharepoint.com/sites/powerplatformna2",
              "folderPath": "/Shared Documents/General/CatalogEase - PP Product easy info/Excel_Extracts",
              "name": "CE_ProductDataUpload_@{utcNow('yyyyMMddHHmm')}.xlsx",
              "body": "@triggerBody()['file']['contentBytes']"
            },
            "authentication": "@parameters('$authentication')"
          },
          "runtimeConfiguration": {
            "contentTransfer": {
              "transferMode": "Chunked"
            }
          }
        },
        "List_rows_present_in_a_table": {
          "runAfter": {
            "Create_file": [
              "Succeeded"
            ]
          },
          "metadata": {
            "operationMetadataId": "02ed671e-3207-4cc2-b047-cd59070f992d",
            "tableId": "CEProductData",
            "01XXCYWETF7LN2TOAPVRBJP5WHONOSBSOF": "/General/CatalogEase - PP Product easy info/Excel_Extracts/CE_ProductData_202506201037.xlsx"
          },
          "type": "OpenApiConnection",
          "inputs": {
            "host": {
              "connectionName": "shared_excelonlinebusiness",
              "operationId": "GetItems",
              "apiId": "/providers/Microsoft.PowerApps/apis/shared_excelonlinebusiness"
            },
            "parameters": {
              "source": "sites/loccitanegroup.sharepoint.com,ca7ecf45-e418-468a-9c1c-8b05ae30016a,0e05e2b1-bc3b-4a41-90a3-6d565edad0a4",
              "drive": "b!Rc9-yhjkikacHIsFrjABarHiBQ47vEFKkKNtVl7a0KRZW5sKgaKQTZIX7hirqkC7",
              "file": "@outputs('Create_file')?['body/Id']",
              "table": "CEProductData"
            },
            "authentication": "@parameters('$authentication')"
          }
        },
        "SelectTableRows": {
          "runAfter": {
            "List_rows_present_in_a_table": [
              "Succeeded"
            ]
          },
          "metadata": {
            "operationMetadataId": "092c2e2b-7bae-4eec-81af-9defd1856bbb"
          },
          "type": "Select",
          "inputs": {
            "from": "@outputs('List_rows_present_in_a_table')?['body/value']",
            "select": {
              "SKU": "@item()?['SKU']",
              "Product Name": "@item()?['Product Name']",
              "Eyebrow": "@item()?['Eyebrow']",
              "Attention Catcher": "@item()?['Attention Catcher']",
              "Long Description": "@item()?['Long Description']",
              "Web Benefits": "@item()?['Web Benefits']",
              "Featured Ingredient 1": "@item()?['Featured Ingredient 1']",
              "Featured Ingredient Description 1": "@item()?['Featured Ingredient Description 1']",
              "Featured Ingredient 2": "@item()?['Featured Ingredient 2']",
              "Featured Ingredient Description 2": "@item()?['Featured Ingredient Description 2']",
              "Featured Ingredient 3": "@item()?['Featured Ingredient 3']",
              "Featured Ingredient Description 3": "@item()?['Featured Ingredient Description 3']",
              "Featured Ingredient 4": "@item()?['Featured Ingredient 4']",
              "Featured Ingredient Description 4": "@item()?['Featured Ingredient Description 4']",
              "Featured Ingredient 5": "@item()?['Featured Ingredient 5']",
              "Featured Ingredient Description 5": "@item()?['Featured Ingredient Description 5']",
              "Test Result Value": "@item()?['Test Result Value']",
              "Test Result Description": "@item()?['Test Result Description']",
              "Test Result Disclaimer": "@item()?['Test Result Dislaimer']",
              "Top Note": "@item()?['Top Note']",
              "Heart Note": "@item()?['Heart Note']",
              "Base Note": "@item()?['Base Note']",
              "How To Apply": "@item()?['How To Apply']",
              "Bundled Products": "@item()?['Bundled Products']",
              "Locale": "@item()?['Locale']"
            }
          }
        },
        "Respond_to_a_Power_App_or_flow": {
          "runAfter": {
            "SelectTableRows": [
              "Succeeded"
            ]
          },
          "metadata": {
            "operationMetadataId": "8dbd2770-641f-4f9a-86e3-4de99c6ffe10"
          },
          "type": "Response",
          "kind": "PowerApp",
          "inputs": {
            "statusCode": 200,
            "body": {
              "responsearray": "@{body('SelectTableRows')}"
            },
            "schema": {
              "type": "object",
              "properties": {
                "responsearray": {
                  "title": "responseArray",
                  "x-ms-dynamically-added": true,
                  "type": "string"
                }
              }
            }
          }
        }
      }
    },
    "templateName": ""
  },
  "schemaVersion": "1.0.0.0"
}