{
  "properties": {
    "connectionReferences": {},
    "definition": {
      "$schema": "https://schema.management.azure.com/providers/Microsoft.Logic/schemas/2016-06-01/workflowdefinition.json#",
      "contentVersion": "1.0.0.0",
      "parameters": {
        "$authentication": {
          "defaultValue": {},
          "type": "SecureObject"
        },
        "varEnvironmentSource (occt_varEnvironmentSource)": {
          "defaultValue": "DEV",
          "type": "String",
          "metadata": {
            "schemaName": "occt_varEnvironmentSource",
            "description": "indicates the solution's environment for the end user"
          }
        }
      },
      "triggers": {
        "manual": {
          "metadata": {
            "operationMetadataId": "c1300078-1bd0-4b11-93db-29a6a638ef2a"
          },
          "type": "Request",
          "kind": "PowerAppV2",
          "inputs": {
            "schema": {
              "type": "object",
              "properties": {},
              "required": []
            }
          }
        }
      },
      "actions": {
        "Respond_to_a_Power_App_or_flow": {
          "runAfter": {},
          "metadata": {
            "operationMetadataId": "7bf78fea-8aa4-4971-bd16-e71367b5ca9b"
          },
          "type": "Response",
          "kind": "PowerApp",
          "inputs": {
            "statusCode": 200,
            "body": {
              "text": "@parameters('varEnvironmentSource (occt_varEnvironmentSource)')"
            },
            "schema": {
              "type": "object",
              "properties": {
                "text": {
                  "title": "",
                  "x-ms-dynamically-added": true,
                  "type": "string"
                }
              }
            }
          }
        }
      }
    },
    "templateName": null
  },
  "schemaVersion": "1.0.0.0"
}