{
  "properties": {
    "connectionReferences": {},
    "definition": {
      "$schema": "https://schema.management.azure.com/providers/Microsoft.Logic/schemas/2016-06-01/workflowdefinition.json#",
      "contentVersion": "1.0.0.0",
      "parameters": {
        "$authentication": {
          "defaultValue": {},
          "type": "SecureObject"
        },
        "$connections": {
          "defaultValue": {},
          "type": "Object"
        },
        "varPIMApiKey (occt_varPIMApiKey)": {
          "defaultValue": "90b00516-33b9-4107-a6db-d89ff3ed77ae",
          "type": "String",
          "metadata": {
            "schemaName": "occt_varPIMApiKey"
          }
        },
        "varSFCCFeaturedINGEndpoint (occt_varSFCCFeaturedINGEndpoint)": {
          "defaultValue": "https://devna.loccitane.com/s/-/dw/data/v21_10/libraries/OCC_SharedLibrary/folders/Ingredients/content",
          "type": "String",
          "metadata": {
            "schemaName": "occt_varSFCCFeaturedINGEndpoint"
          }
        },
        "varPIMRefData (occt_varPIMRefData)": {
          "defaultValue": "https://loccitaneeutest.gateway.webmethodscloud.de/gateway/PIM_Reference_Data/1.0/",
          "type": "String",
          "metadata": {
            "schemaName": "occt_varPIMRefData",
            "description": "PIM endpoint for Reference Data"
          }
        }
      },
      "triggers": {
        "manual": {
          "type": "Request",
          "kind": "PowerAppV2",
          "inputs": {
            "schema": {
              "type": "object",
              "properties": {
                "text": {
                  "title": "local",
                  "type": "string",
                  "x-ms-dynamically-added": true,
                  "description": "Please enter your input",
                  "x-ms-content-hint": "TEXT"
                }
              },
              "required": [
                "text"
              ]
            }
          },
          "metadata": {
            "operationMetadataId": "1a6163c9-1388-40df-91df-a44710d512c7"
          }
        }
      },
      "actions": {
        "Run_a_Child_Flow": {
          "type": "Workflow",
          "inputs": {
            "host": {
              "workflowReferenceName": "4aeec937-8f34-ef11-8409-6045bdd4ccb0"
            }
          },
          "runAfter": {},
          "metadata": {
            "operationMetadataId": "bc4fc177-2183-4c2e-bf7f-53d5d45a3a20"
          }
        },
        "Locales": {
          "type": "Compose",
          "inputs": [
            "default",
            "en-US",
            "en-CA",
            "fr-CA"
          ],
          "runAfter": {
            "Run_a_Child_Flow": [
              "Succeeded"
            ]
          },
          "metadata": {
            "operationMetadataId": "3bb25c4b-5291-4ffc-91fb-44ba27bdefeb"
          }
        },
        "intVarLocales": {
          "type": "InitializeVariable",
          "inputs": {
            "variables": [
              {
                "name": "varLocale",
                "type": "array"
              }
            ]
          },
          "runAfter": {
            "Locales": [
              "Succeeded"
            ]
          },
          "metadata": {
            "operationMetadataId": "1240dbda-05e1-4470-8579-d356da9ecfb4"
          }
        },
        "SFCCpaging": {
          "type": "Foreach",
          "foreach": "@range(1,2)",
          "actions": {
            "Get_SFCC_featuredING": {
              "type": "Http",
              "inputs": {
                "uri": "@{parameters('varSFCCFeaturedINGEndpoint (occt_varSFCCFeaturedINGEndpoint)')}?count=200&start=@{mul(sub(items('SFCCpaging'),1),200)}",
                "method": "GET",
                "headers": {
                  "Authorization": "Bearer @{body('Run_a_Child_Flow')?['accesstoken']}"
                }
              },
              "runtimeConfiguration": {
                "contentTransfer": {
                  "transferMode": "Chunked"
                }
              },
              "metadata": {
                "operationMetadataId": "6ddf2a33-b4a7-4857-b996-73ed4e89a64b"
              }
            },
            "Select-INGs": {
              "type": "Select",
              "inputs": {
                "from": "@body('Get_SFCC_featuredING')?['hits']",
                "select": {
                  "code": "@item()?['id']",
                  "function": "@coalesce(item()?['description']?[triggerBody()?['text']],item()?['c_body']?[triggerBody()?['text']]?['source'])",
                  "name": "@if(and(equals(triggerBody()?['text'],'default'), empty(item()?['name']?[triggerBody()?['text']])),item()?['name']?['en'],item()?['name']?[triggerBody()?['text']])",
                  "imageLink": "@coalesce(item()?['c_OCC_ingredientImage']?['dis_base_url'],null)"
                }
              },
              "runAfter": {
                "Get_SFCC_featuredING": [
                  "Succeeded"
                ]
              },
              "metadata": {
                "operationMetadataId": "bc8edec0-ad78-446a-bb0e-5314cdda4aa7"
              }
            }
          },
          "runAfter": {
            "intVarLocales": [
              "Succeeded"
            ]
          },
          "runtimeConfiguration": {
            "concurrency": {
              "repetitions": 30
            }
          },
          "metadata": {
            "operationMetadataId": "1b7bdb3b-e2be-43ae-823d-aeabe4495611"
          }
        },
        "Select_ftrIng_sku": {
          "type": "Select",
          "inputs": {
            "from": "@body('Get_PIM_featuredINGs')",
            "select": "@item()"
          },
          "runAfter": {
            "Get_PIM_featuredINGs": [
              "Succeeded"
            ]
          },
          "metadata": {
            "operationMetadataId": "b99e974a-dc72-4328-8085-0df5fc4b0239"
          }
        },
        "Agg-INGs": {
          "type": "Select",
          "inputs": {
            "from": "@outputs('Select-INGs')",
            "select": "@item()"
          },
          "runAfter": {
            "SFCCpaging": [
              "Succeeded"
            ]
          },
          "metadata": {
            "operationMetadataId": "40c7339a-4cf6-4b64-bf02-8f37cbfe594d"
          }
        },
        "Merge-SFCC-PIM": {
          "type": "Compose",
          "inputs": "@union(json(concat('[',replace(replace(string(body('Flatten-AggINGs')),'[',''),']',''),']')),json(replace(string(body('Select_ftrIng_sku')),'\"id\"','\"code\"')))",
          "runAfter": {
            "Select_ftrIng_sku": [
              "Succeeded"
            ],
            "Flatten-AggINGs": [
              "Succeeded"
            ]
          },
          "metadata": {
            "operationMetadataId": "f9c0961e-7767-4cf1-99b0-98eaa1d7596f"
          }
        },
        "Response": {
          "type": "Response",
          "kind": "Http",
          "inputs": {
            "statusCode": 200,
            "body": "@body('Select-INGobjects')",
            "schema": {
              "type": "array",
              "items": {
                "type": "object",
                "properties": {
                  "code": {
                    "type": "string"
                  },
                  "function": {
                    "type": "string"
                  },
                  "name": {
                    "type": "string"
                  },
                  "ingURL": {
                    "type": "string"
                  },
                  "Index": {
                    "type": "string"
                  },
                  "source": {
                    "type": "string"
                  }
                },
                "required": [
                  "code",
                  "function",
                  "name",
                  "ingURL",
                  "Index",
                  "source"
                ]
              }
            }
          },
          "runAfter": {
            "Select-INGobjects": [
              "Succeeded"
            ]
          },
          "metadata": {
            "operationMetadataId": "9fd6eb54-c1a3-4953-88f7-45dba7b8238c"
          }
        },
        "FlattenMerged": {
          "type": "Compose",
          "inputs": "@json(concat('[',replace(replace(string(outputs('Merge-SFCC-PIM')),'[',''),']',''),']'))",
          "runAfter": {
            "Merge-SFCC-PIM": [
              "Succeeded"
            ]
          },
          "metadata": {
            "operationMetadataId": "2c818c8c-19fc-4dad-ad32-986f16a45858"
          }
        },
        "Flatten-AggINGs": {
          "type": "Select",
          "inputs": {
            "from": "@body('Agg-INGs')",
            "select": "@item()?['body']"
          },
          "runAfter": {
            "Agg-INGs": [
              "Succeeded"
            ]
          },
          "metadata": {
            "operationMetadataId": "05043127-368a-4f26-8464-fd0254134a3a"
          }
        },
        "UniqueCodes": {
          "type": "Select",
          "inputs": {
            "from": "@outputs('FlattenMerged')",
            "select": "@item()?['code']"
          },
          "runAfter": {
            "ComposeCode-SFCC": [
              "Succeeded"
            ],
            "ComposeCode-PIM": [
              "Succeeded"
            ]
          },
          "metadata": {
            "operationMetadataId": "edde60ad-5fce-497f-b799-e3f849e4b9a7"
          }
        },
        "RemoveDuplicates": {
          "type": "Compose",
          "inputs": "@union(body('UniqueCodes'),body('UniqueCodes'))",
          "runAfter": {
            "UniqueCodes": [
              "Succeeded"
            ]
          },
          "metadata": {
            "operationMetadataId": "54454e5e-70af-4409-aa7c-74f24f62ae7b"
          }
        },
        "Select-INGobjects": {
          "type": "Select",
          "inputs": {
            "from": "@outputs('RemoveDuplicates')",
            "select": {
              "code": "@item()",
              "function": "@coalesce(outputs('ComposeCode-SFCC')?[item()]?['function'],outputs('ComposeCode-PIM')?['function'])",
              "name": "@coalesce(outputs('ComposeCode-SFCC')?[item()]?['name'],outputs('ComposeCode-PIM')?[item()]?['displayName']?[triggerBody()?['text']])",
              "ingURL": "@coalesce(outputs('ComposeCode-SFCC')?[item()]?['ingURL'],outputs('ComposeCode-PIM')?[item()]?['ingURL'])",
              "Index": "n/a",
              "source": "@coalesce(outputs('ComposeCode-SFCC')?[item()]?['source'],outputs('ComposeCode-PIM')?[item()]?['source'])"
            }
          },
          "runAfter": {
            "RemoveDuplicates": [
              "Succeeded"
            ]
          }
        },
        "FilterForPIM": {
          "type": "Query",
          "inputs": {
            "from": "@outputs('FlattenMerged')",
            "where": "@contains(string(item()),'linkPicture')"
          },
          "runAfter": {
            "FlattenMerged": [
              "Succeeded"
            ]
          }
        },
        "FilterForSFCC": {
          "type": "Query",
          "inputs": {
            "from": "@outputs('FlattenMerged')",
            "where": "@contains(string(item()),'imageLink')"
          },
          "runAfter": {
            "FlattenMerged": [
              "Succeeded"
            ]
          }
        },
        "Select-INGobjects-PIM": {
          "type": "Select",
          "inputs": {
            "from": "@body('FilterForPIM')",
            "select": {
              "@{item()?['code']}": {
                "code": "@item()?['code']",
                "name": "@if(equals(triggerBody()?['text'],'default'),item()?['displayName']?['en-US'],item()?['displayName']?[triggerBody()?['text']])",
                "function": "@item()?['function']",
                "Index": "",
                "ingURL": "@item()?['linkPicture']",
                "source": "PIM"
              }
            }
          },
          "runAfter": {
            "FilterForPIM": [
              "Succeeded"
            ]
          }
        },
        "Select-INGobjects-SFCC": {
          "type": "Select",
          "inputs": {
            "from": "@body('FilterForSFCC')",
            "select": {
              "@{item()?['code']}": {
                "code": "@item()?['code']",
                "name": "@item()?['name']",
                "function": "@item()?['function']",
                "Index": "null",
                "ingURL": "@item()?['imageLink']",
                "source": "SFCC"
              }
            }
          },
          "runAfter": {
            "FilterForSFCC": [
              "Succeeded"
            ]
          }
        },
        "ComposeCode-PIM": {
          "type": "Compose",
          "inputs": "@json(concat('{',join(body('Select-INGtext-PIM'),','),'}'))",
          "runAfter": {
            "Select-INGtext-PIM": [
              "Succeeded"
            ]
          }
        },
        "ComposeCode-SFCC": {
          "type": "Compose",
          "inputs": "@json(concat('{',join(body('Select-INGtext-SFCC'),','),'}'))",
          "runAfter": {
            "Select-INGtext-SFCC": [
              "Succeeded"
            ]
          }
        },
        "Get_PIM_featuredINGs": {
          "type": "Http",
          "inputs": {
            "uri": "@{parameters('varPIMRefData (occt_varPIMRefData)')}lovingredientmapping",
            "method": "GET",
            "headers": {
              "x-Gateway-APIKey": "@{parameters('varPIMApiKey (occt_varPIMApiKey)')}"
            }
          },
          "runAfter": {
            "intVarLocales": [
              "Succeeded"
            ]
          },
          "runtimeConfiguration": {
            "contentTransfer": {
              "transferMode": "Chunked"
            }
          }
        },
        "Select-INGtext-SFCC": {
          "type": "Select",
          "inputs": {
            "from": "@body('Select-INGobjects-SFCC')",
            "select": "@slice(string(item()),1,-1)"
          },
          "runAfter": {
            "Select-INGobjects-SFCC": [
              "Succeeded"
            ]
          }
        },
        "Select-INGtext-PIM": {
          "type": "Select",
          "inputs": {
            "from": "@body('Select-INGobjects-PIM')",
            "select": "@slice(string(item()),1,-1)"
          },
          "runAfter": {
            "Select-INGobjects-PIM": [
              "Succeeded"
            ]
          }
        }
      }
    },
    "templateName": null
  },
  "schemaVersion": "1.0.0.0"
}