{
  "properties": {
    "connectionReferences": {},
    "definition": {
      "$schema": "https://schema.management.azure.com/providers/Microsoft.Logic/schemas/2016-06-01/workflowdefinition.json#",
      "contentVersion": "1.0.0.0",
      "parameters": {
        "$authentication": {
          "defaultValue": {},
          "type": "SecureObject"
        },
        "$connections": {
          "defaultValue": {},
          "type": "Object"
        },
        "varSFCCAllProductEndpoint (occt_varSFCCAllProductEndpoint)": {
          "defaultValue": "https://devna.loccitane.com/s/-/dw/data/v21_10/product_search",
          "type": "String",
          "metadata": {
            "schemaName": "occt_varSFCCAllProductEndpoint"
          }
        },
        "varPIMApiKey (occt_varPIMApiKey)": {
          "defaultValue": "90b00516-33b9-4107-a6db-d89ff3ed77ae",
          "type": "String",
          "metadata": {
            "schemaName": "occt_varPIMApiKey"
          }
        },
        "varPIMApiEndPoint (occt_PIMApiEndPoint)": {
          "defaultValue": "https://loccitaneeutest.gateway.webmethodscloud.de/gateway/PIM_Products/1.0/",
          "type": "String",
          "metadata": {
            "schemaName": "occt_PIMApiEndPoint"
          }
        }
      },
      "triggers": {
        "manual": {
          "type": "Request",
          "kind": "PowerAppV2",
          "inputs": {
            "schema": {
              "type": "object",
              "properties": {},
              "required": []
            }
          },
          "metadata": {
            "operationMetadataId": "6477c1f4-77d4-4cc0-a3c5-ffff0f16f890"
          }
        }
      },
      "actions": {
        "Run_a_Child_Flow": {
          "type": "Workflow",
          "inputs": {
            "host": {
              "workflowReferenceName": "4aeec937-8f34-ef11-8409-6045bdd4ccb0"
            }
          },
          "runAfter": {
            "Initialize_variable": [
              "Succeeded"
            ]
          },
          "metadata": {
            "operationMetadataId": "bc4fc177-2183-4c2e-bf7f-53d5d45a3a20"
          }
        },
        "Total_pages": {
          "type": "Compose",
          "inputs": "@range(0, add(div(body('HTTP_Get_total_product_value')?['total'], 200), sub(1, mod(div(body('HTTP_Get_total_product_value')?['total'], 200), 1))))",
          "runAfter": {
            "HTTP_Get_total_product_value": [
              "Succeeded"
            ]
          },
          "metadata": {
            "operationMetadataId": "40519176-21c9-4048-919e-404054376a6c"
          }
        },
        "For_each_page": {
          "type": "Foreach",
          "foreach": "@outputs('Total_pages')",
          "actions": {
            "HTTP_Start": {
              "type": "Compose",
              "inputs": "@mul(item(), 200)",
              "metadata": {
                "operationMetadataId": "388ab909-ba6d-425d-b28f-5d5edd24e4fe"
              }
            },
            "HTTP_Get_all_product_from_SFCC": {
              "type": "Http",
              "inputs": {
                "uri": "@parameters('varSFCCAllProductEndpoint (occt_varSFCCAllProductEndpoint)')",
                "method": "POST",
                "headers": {
                  "Authorization": "Bearer @{body('Run_a_Child_Flow')?['accesstoken']}"
                },
                "body": {
                  "query": {
                    "match_all_query": {}
                  },
                  "expand": [
                    "all"
                  ],
                  "select": "(**,hits.(id,name,c_OCC_featuredIngredientAsset1,c_OCC_featuredIngredientAsset2,c_OCC_featuredIngredientAsset3,c_OCC_featuredIngredientAsset4,c_OCC_featuredIngredientAsset5,c_OCC_perfumeryTopNote,c_OCC_perfumeryHeartNote,c_OCC_perfumeryBaseNote))",
                  "sorts": [
                    {
                      "field": "name",
                      "sort_order": "desc"
                    }
                  ],
                  "count": 200,
                  "start": "@outputs('HTTP_Start')"
                }
              },
              "runAfter": {
                "HTTP_Start": [
                  "Succeeded"
                ]
              },
              "metadata": {
                "operationMetadataId": "7b6d3450-38c5-4906-9595-7d580be495d3"
              }
            },
            "SelectSFCCFeatureIngredient": {
              "type": "Select",
              "inputs": {
                "from": "@body('HTTP_Get_all_product_from_SFCC')?['hits']",
                "select": {
                  "featureIngredient1": "@item()?['c_OCC_featuredIngredientAsset1']?['default']",
                  "featureIngredient2": "@item()?['c_OCC_featuredIngredientAsset2']?['default']",
                  "featureIngredient3": "@item()?['c_OCC_featuredIngredientAsset3']?['default']",
                  "featureIngredient4": "@item()?['c_OCC_featuredIngredientAsset4']?['default']",
                  "featureIngredient5": "@item()?['c_OCC_featuredIngredientAsset5']?['default']"
                }
              },
              "runAfter": {
                "HTTP_Get_all_product_from_SFCC": [
                  "Succeeded"
                ]
              },
              "metadata": {
                "operationMetadataId": "bd000c20-82f8-4377-bd97-ce5a99b5de2b"
              }
            },
            "SelectFragranceNote": {
              "type": "Select",
              "inputs": {
                "from": "@body('HTTP_Get_all_product_from_SFCC')?['hits']",
                "select": {
                  "topNote": "@coalesce(item()?['c_OCC_perfumeryTopNote']?['default'], item()?['c_OCC_perfumeryTopNote']?['en-US'], item()?['c_OCC_perfumeryTopNote']?['en-CA'])",
                  "heartNote": "@coalesce(item()?['c_OCC_perfumeryHeartNote']?['default'], item()?['c_OCC_perfumeryHeartNote']?['en-US'], item()?['c_OCC_perfumeryHeartNote']?['en-CA'])",
                  "baseNote": "@coalesce(item()?['c_OCC_perfumeryBaseNote']?['default'], item()?['c_OCC_perfumeryBaseNote']?['en-US'], item()?['c_OCC_perfumeryBaseNote']?['en-CA'])"
                }
              },
              "runAfter": {
                "SelectSFCCFeatureIngredient": [
                  "Succeeded"
                ]
              },
              "metadata": {
                "operationMetadataId": "fa1cd872-9439-477f-aaff-1e0143ec1529"
              }
            }
          },
          "runAfter": {
            "Total_pages": [
              "Succeeded"
            ]
          },
          "runtimeConfiguration": {
            "concurrency": {
              "repetitions": 50
            }
          },
          "metadata": {
            "operationMetadataId": "60453f2c-41b8-469a-a937-16c7824f96c2"
          }
        },
        "HTTP_Get_product_information": {
          "type": "Http",
          "inputs": {
            "uri": "@parameters('varPIMApiEndPoint (occt_PIMApiEndPoint)')",
            "method": "GET",
            "headers": {
              "X-Gateway-APIKEY": "@parameters('varPIMApiKey (occt_varPIMApiKey)')"
            },
            "queries": {
              "locale": "default"
            }
          },
          "runAfter": {
            "Run_a_Child_Flow": [
              "Succeeded"
            ]
          },
          "metadata": {
            "operationMetadataId": "ea792d0c-fb2b-451e-8426-10a68df768df"
          }
        },
        "HTTP_Get_total_product_value": {
          "type": "Http",
          "inputs": {
            "uri": "@parameters('varSFCCAllProductEndpoint (occt_varSFCCAllProductEndpoint)')",
            "method": "POST",
            "headers": {
              "Authorization": "Bearer @{body('Run_a_Child_Flow')?['accesstoken']}"
            },
            "body": {
              "query": {
                "match_all_query": {}
              },
              "expand": [
                "all"
              ],
              "select": "(**,hits.(id))",
              "sorts": [
                {
                  "field": "name",
                  "sort_order": "desc"
                }
              ],
              "count": 200,
              "start": 0
            }
          },
          "runAfter": {
            "Run_a_Child_Flow": [
              "Succeeded"
            ]
          },
          "metadata": {
            "operationMetadataId": "7b6d3450-38c5-4906-9595-7d580be495d3"
          }
        },
        "Selecting_Attributes": {
          "type": "Select",
          "inputs": {
            "from": "@body('HTTP_Get_product_information')?['results']",
            "select": {
              "topNote": "@item()?['marketingInformation']?['topNotes']",
              "heartNote": "@item()?['marketingInformation']?['middleNotes']",
              "baseNote": "@item()?['marketingInformation']?['baseNotes']"
            }
          },
          "runAfter": {
            "HTTP_Get_product_information": [
              "Succeeded"
            ]
          },
          "metadata": {
            "operationMetadataId": "a92b1fd6-051e-434e-b710-d8114011e826"
          }
        },
        "Initialize_variable": {
          "type": "InitializeVariable",
          "inputs": {
            "variables": [
              {
                "name": "gblFragranceNote",
                "type": "array"
              }
            ]
          },
          "runAfter": {},
          "metadata": {
            "operationMetadataId": "2d32c917-3c98-448a-8862-ab27b649119c"
          }
        },
        "MergeData": {
          "type": "Compose",
          "inputs": "@union(body('Selecting_Attributes'), outputs('SelectFragranceNote'))",
          "runAfter": {
            "Selecting_Attributes": [
              "Succeeded"
            ],
            "For_each_page": [
              "Succeeded"
            ]
          },
          "metadata": {
            "operationMetadataId": "c1fafed9-cad6-4cac-9a4c-84713c84b839"
          }
        },
        "Response": {
          "type": "Response",
          "kind": "Http",
          "inputs": {
            "statusCode": 200,
            "body": "@outputs('MergeData')",
            "schema": {
              "type": "array",
              "items": {
                "type": "object",
                "properties": {
                  "topNote": {
                    "type": "array",
                    "items": {
                      "type": "string"
                    }
                  },
                  "heartNote": {
                    "type": "array",
                    "items": {
                      "type": "string"
                    }
                  },
                  "baseNote": {
                    "type": "array",
                    "items": {
                      "type": "string"
                    }
                  }
                },
                "required": [
                  "topNote",
                  "heartNote",
                  "baseNote"
                ]
              }
            }
          },
          "runAfter": {
            "MergeData": [
              "Succeeded"
            ]
          },
          "metadata": {
            "operationMetadataId": "9fd6eb54-c1a3-4953-88f7-45dba7b8238c"
          }
        },
        "Apply_to_each": {
          "type": "Foreach",
          "foreach": "@body('HTTP_Get_product_information')?['results']",
          "actions": {
            "Condition": {
              "type": "If",
              "expression": {
                "and": [
                  {
                    "equals": [
                      "@empty(item()?['marketingInformation']?['topNotes'])",
                      "@true"
                    ]
                  },
                  {
                    "equals": [
                      "@empty(item()?['marketingInformation']?['middleNotes'])",
                      "@true"
                    ]
                  },
                  {
                    "equals": [
                      "@empty(item()?['marketingInformation']?['baseNotes'])",
                      "@true"
                    ]
                  }
                ]
              },
              "actions": {},
              "else": {
                "actions": {
                  "Append_to_array_variable": {
                    "type": "AppendToArrayVariable",
                    "inputs": {
                      "name": "gblFragranceNote",
                      "value": {
                        "topNote": "@item()?['marketingInformation']?['topNotes']",
                        "heartNote": "@item()?['marketingInformation']?['middleNotes']",
                        "baseNote": "@item()?['marketingInformation']?['baseNotes']"
                      }
                    },
                    "metadata": {
                      "operationMetadataId": "f9d07972-ea9b-4650-b3c8-7f76c5e6211a"
                    }
                  }
                }
              },
              "metadata": {
                "operationMetadataId": "52786c8c-8a85-4444-a545-d7ebd0786623"
              }
            }
          },
          "runAfter": {
            "Response": [
              "TimedOut"
            ]
          },
          "metadata": {
            "operationMetadataId": "8f9711dc-3f8f-432f-8db4-26d84068ce04"
          }
        }
      },
      "outputs": {}
    },
    "templateName": null
  },
  "schemaVersion": "1.0.0.0"
}