{
  "properties": {
    "connectionReferences": {
      "shared_xmltojson-5fddb320680fb118be-5ffc3afcb2337e6f7f": {
        "api": {
          "name": "shared_xmltojson-5fddb320680fb118be-5ffc3afcb2337e6f7f",
          "logicalName": "occt_xmltojson"
        },
        "connection": {
          "connectionReferenceLogicalName": "occt_sharedxmltojson5fddb320680fb118be5ffc3afcb2337e6f7f_71f4e"
        },
        "runtimeSource": "invoker"
      },
      "shared_commondataserviceforapps": {
        "api": {
          "name": "shared_commondataserviceforapps"
        },
        "connection": {
          "connectionReferenceLogicalName": "new_sharedcommondataserviceforapps_545ca"
        },
        "runtimeSource": "embedded"
      }
    },
    "definition": {
      "$schema": "https://schema.management.azure.com/providers/Microsoft.Logic/schemas/2016-06-01/workflowdefinition.json#",
      "contentVersion": "1.0.0.0",
      "parameters": {
        "$authentication": {
          "defaultValue": {},
          "type": "SecureObject"
        },
        "$connections": {
          "defaultValue": {},
          "type": "Object"
        },
        "varPIMApiKey (occt_varPIMApiKey)": {
          "defaultValue": "90b00516-33b9-4107-a6db-d89ff3ed77ae",
          "type": "String",
          "metadata": {
            "schemaName": "occt_varPIMApiKey"
          }
        },
        "varPIMApiEndPoint (occt_PIMApiEndPoint)": {
          "defaultValue": "https://loccitaneeutest.gateway.webmethodscloud.de/gateway/PIM_Products/1.0/",
          "type": "String",
          "metadata": {
            "schemaName": "occt_PIMApiEndPoint"
          }
        },
        "varSFCCAllProductEndpoint (occt_varSFCCAllProductEndpoint)": {
          "defaultValue": "https://devna.loccitane.com/s/-/dw/data/v21_10/product_search",
          "type": "String",
          "metadata": {
            "schemaName": "occt_varSFCCAllProductEndpoint"
          }
        }
      },
      "triggers": {
        "manual": {
          "metadata": {
            "operationMetadataId": "a49dbdac-c3a4-4b20-b43b-3415d892c3d4"
          },
          "type": "Request",
          "kind": "PowerAppV2",
          "inputs": {
            "schema": {
              "type": "object",
              "properties": {
                "text": {
                  "title": "locale",
                  "type": "string",
                  "x-ms-dynamically-added": true,
                  "description": "Please enter your input",
                  "x-ms-content-hint": "TEXT"
                },
                "text_1": {
                  "description": "Please enter your input",
                  "title": "dateFrom",
                  "type": "string",
                  "x-ms-content-hint": "TEXT",
                  "x-ms-dynamically-added": true
                },
                "text_2": {
                  "description": "Please enter your input",
                  "title": "dateTo",
                  "type": "string",
                  "x-ms-content-hint": "TEXT",
                  "x-ms-dynamically-added": true
                }
              },
              "required": []
            }
          }
        }
      },
      "actions": {
        "HTTP_Get_Kit_Info": {
          "runAfter": {
            "DateUntilModified": [
              "Succeeded"
            ]
          },
          "metadata": {
            "operationMetadataId": "ea792d0c-fb2b-451e-8426-10a68df768df"
          },
          "type": "Http",
          "inputs": {
            "uri": "@{parameters('varPIMApiEndPoint (occt_PIMApiEndPoint)')}?filter=type:kit,master_code&filter=type:kit,master_code&locale=@{outputs('localValue')}&filter=validation_after:@{outputs('DateUntilModified')}",
            "method": "GET",
            "headers": {
              "X-Gateway-APIKEY": "@{parameters('varPIMApiKey (occt_varPIMApiKey)')}",
              "Accept": "application/json; charset=UTF-8"
            }
          }
        },
        "HTTP_Get_total_product_value": {
          "runAfter": {
            "Run_a_Child_Flow": [
              "Succeeded"
            ]
          },
          "metadata": {
            "operationMetadataId": "7b6d3450-38c5-4906-9595-7d580be495d3"
          },
          "type": "Http",
          "inputs": {
            "uri": "@parameters('varSFCCAllProductEndpoint (occt_varSFCCAllProductEndpoint)')",
            "method": "POST",
            "headers": {
              "Authorization": "Bearer @{body('Run_a_Child_Flow')?['accesstoken']}"
            },
            "queries": {
              "locale": "@{triggerBody()?['text']}"
            },
            "body": {
              "query": {
                "filtered_query": {
                  "filter": {
                    "bool_filter": {
                      "operator": "and",
                      "filters": [
                        {
                          "range_filter": {
                            "field": "creation_date",
                            "from": "@{coalesce(triggerBody()?['text_1'],'2021-01-01')}T00:00:00.000Z"
                          }
                        },
                        {
                          "term_filter": {
                            "field": "catalog_id",
                            "operator": "one_of",
                            "values": [
                              "occ_master",
                              "occ_us_storefront",
                              "occ_ca_storefront"
                            ]
                          }
                        }
                      ]
                    }
                  },
                  "query": {
                    "match_all_query": {}
                  }
                }
              },
              "expand": [
                "all"
              ],
              "select": "(**,hits.(id))",
              "sorts": [
                {
                  "field": "name",
                  "sort_order": "desc"
                }
              ],
              "count": 200,
              "start": 0
            }
          }
        },
        "Total_pages": {
          "runAfter": {
            "TotalPagesXpath": [
              "Succeeded"
            ]
          },
          "metadata": {
            "operationMetadataId": "40519176-21c9-4048-919e-404054376a6c"
          },
          "type": "Compose",
          "inputs": "@range(\r\n    0,\r\n    outputs('TotalPagesXpath')\r\n)"
        },
        "For_each_page": {
          "foreach": "@outputs('Total_pages')",
          "actions": {
            "HTTP_Start": {
              "metadata": {
                "operationMetadataId": "388ab909-ba6d-425d-b28f-5d5edd24e4fe"
              },
              "type": "Compose",
              "inputs": "@mul(item(), 200)"
            },
            "HTTP_Get_all_product_from_SFCC": {
              "runAfter": {
                "HTTP_Start": [
                  "Succeeded"
                ]
              },
              "metadata": {
                "operationMetadataId": "7b6d3450-38c5-4906-9595-7d580be495d3"
              },
              "type": "Http",
              "inputs": {
                "uri": "@parameters('varSFCCAllProductEndpoint (occt_varSFCCAllProductEndpoint)')",
                "method": "POST",
                "headers": {
                  "Authorization": "Bearer @{body('Run_a_Child_Flow')?['accesstoken']}"
                },
                "queries": {
                  "locale": "@{triggerBody()?['text']}"
                },
                "body": {
                  "query": {
                    "filtered_query": {
                      "filter": {
                        "bool_filter": {
                          "operator": "and",
                          "filters": [
                            {
                              "range_filter": {
                                "field": "creation_date",
                                "from": "@{coalesce(triggerBody()?['text_1'],'2021-01-01')}T00:00:00.000Z"
                              }
                            },
                            {
                              "term_filter": {
                                "field": "catalog_id",
                                "operator": "one_of",
                                "values": [
                                  "occ_master",
                                  "occ_us_storefront",
                                  "occ_ca_storefront"
                                ]
                              }
                            }
                          ]
                        }
                      },
                      "query": {
                        "match_all_query": {}
                      }
                    }
                  },
                  "expand": [
                    "all"
                  ],
                  "select": "(**,hits.(id,name,last_modified,creation_date,c_OCC_eyebrow,bundled_products.(id,ean,name,type.(**),c_OCC_inci,c_OCC_formulatedWithout),type.(**),c_OCC_isVirtualKit,c_OCC_featuredIngredientAsset1,c_OCC_featuredIngredientAsset2,c_OCC_featuredIngredientAsset3,c_OCC_featuredIngredientAsset4,c_OCC_featuredIngredientAsset5,c_OCC_perfumeryTopNote,c_OCC_perfumeryHeartNote,c_OCC_perfumeryBaseNote,c_OCC_collection,c_OCC_productType,image.(abs_url,dis_base_url),c_OCC_inci,c_OCC_formulatedWithout,searchable,online_flag))",
                  "sorts": [
                    {
                      "field": "last_modified",
                      "sort_order": "desc"
                    }
                  ],
                  "count": 200,
                  "start": "@outputs('HTTP_Start')"
                }
              }
            },
            "Select_-_SFCC_Data": {
              "runAfter": {
                "HTTP_Get_all_product_from_SFCC": [
                  "Succeeded"
                ]
              },
              "metadata": {
                "operationMetadataId": "bfb7deb0-3d44-44f0-9c58-b7e3feb5ccb5"
              },
              "type": "Select",
              "inputs": {
                "from": "@body('HTTP_Get_all_product_from_SFCC')?['hits']",
                "select": "@json(string(concat('{',\n    '\"', item()?['id'], '\": {',\n    '\"sku\": \"', item()?['id'], '\", ',\n    '\"sfccName\": ', if(empty(item()?['name']?[triggerBody()?['text']]), 'null', concat('\"', replace(item()?['name']?[triggerBody()?['text']], '\"', '\\\\\"'), '\"')), ', ',\n    '\"productImage\": \"', coalesce(item()?['image']?['dis_base_url'], item()?['image']?['abs_url'], ''), '\", ',\n    '\"sfccline\": ', if(empty(item()?['c_OCC_collection']?[triggerBody()?['text']]), 'null', concat('\"', replace(join(item()?['c_OCC_collection']?[triggerBody()?['text']], ', '), '\"', '\\\\\"'), '\"')), ', ',\n    '\"modifiedDate\": \"', coalesce(item()?['last_modified'], ''), '\", ',\n    '\"createdDate\": \"', coalesce(item()?['creation_date'], ''), '\", ',\n    '\"sfccsegment\": ', if(empty(item()?['c_OCC_productType']?[triggerBody()?['text']]), 'null', concat('\"', replace(join(item()?['c_OCC_productType']?[triggerBody()?['text']], ', '), '\"', '\\\\\"'), '\"')), ', ',\n    '\"isVirtualKit\": ', toLower(string(equals(coalesce(item()?['c_OCC_isVirtualKit'], false), true))), ', ',\n    '\"productType\": {',\n        '\"item\": ', toLower(string(equals(item()?['type']?['item'], true))), ', ',\n        '\"variant\": ', toLower(string(equals(item()?['type']?['variant'], true))), ', ',\n        '\"bundle\": ', toLower(string(equals(item()?['type']?['bundle'], true))), ', ',\n        '\"bundled\": ', toLower(string(equals(item()?['type']?['bundled'], true))), ', ',\n        '\"master_code\": ', toLower(string(equals(item()?['type']?['master_code'], true))),\n    '}',\n    '}'\n, '}')))"
              }
            },
            "Select_-_SFCC_SKUs": {
              "runAfter": {
                "HTTP_Get_all_product_from_SFCC": [
                  "Succeeded"
                ]
              },
              "metadata": {
                "operationMetadataId": "808a087c-b12a-44a1-96ca-337c32f487b0"
              },
              "type": "Select",
              "inputs": {
                "from": "@body('HTTP_Get_all_product_from_SFCC')?['hits']",
                "select": "@item()?['id']"
              }
            },
            "Compose_-_AggSFCC_Objects": {
              "runAfter": {
                "Select-IDObject": [
                  "Succeeded"
                ]
              },
              "metadata": {
                "operationMetadataId": "52f21014-9b1b-4edb-8137-fbcdfd28415b"
              },
              "type": "Compose",
              "inputs": "@body('Select-IDObject')"
            },
            "Select-IDObject": {
              "runAfter": {
                "Select_-_SFCC_Data": [
                  "Succeeded"
                ]
              },
              "metadata": {
                "operationMetadataId": "424b9825-fd83-4240-a1dc-0ab8663c9079"
              },
              "type": "Select",
              "inputs": {
                "from": "@body('Select_-_SFCC_Data')",
                "select": "@slice(string(item()),1,-1)"
              }
            },
            "Select-AllSFCCData": {
              "runAfter": {
                "Select_-_SFCC_SKUs": [
                  "Succeeded"
                ]
              },
              "metadata": {
                "operationMetadataId": "4fa695b0-eb28-425b-a19d-97820a3270f6"
              },
              "type": "Select",
              "inputs": {
                "from": "@body('HTTP_Get_all_product_from_SFCC')?['hits']",
                "select": "@item()"
              }
            },
            "Select_1": {
              "runAfter": {
                "HTTP_Get_all_product_from_SFCC": [
                  "Succeeded"
                ]
              },
              "metadata": {
                "operationMetadataId": "e22e4532-f191-4d6d-9d2b-a242db70f97f"
              },
              "type": "Select",
              "inputs": {
                "from": "@body('HTTP_Get_all_product_from_SFCC')?['hits']",
                "select": {
                  "name": "@item()?['name']?[triggerBody()?['text']]",
                  "id": "@item()?['id']",
                  "c_OCC_formulatedWithout": "@{xpath(xml(json(concat('{\"root\":{\"hits\":',item(),'}}'))),'/root/hits/c_OCC_formulatedWithout/*')}",
                  "c_OCC_inci": "@{xpath(xml(json(concat('{\"root\":{\"hits\":',item(),'}}'))),'string(/root/hits/c_OCC_inci/*)')}",
                  "hits": "@{xml(base64ToString(first(xpath(xml(json(concat('{\"root\":{\"hits\":',item(),'}}'))),'//hits[normalize-space(.) != '''']'))['$content']))}",
                  "hits2": "@{xml(addProperty(json('{}'),'root',item()))}"
                }
              }
            },
            "Select_2": {
              "runAfter": {
                "Select_1": [
                  "Succeeded"
                ]
              },
              "metadata": {
                "operationMetadataId": "6b4e6dbe-8562-4ed4-a0e1-817dd18fc44f"
              },
              "type": "Select",
              "inputs": {
                "from": "@body('HTTP_Get_all_product_from_SFCC')?['hits']",
                "select": "@json(xml(base64ToString(first(xpath(xml(addProperty(json('{}'),item()?['id'],item())),'//id/..'))['$content'])))"
              }
            }
          },
          "runAfter": {
            "Total_pages": [
              "Succeeded"
            ]
          },
          "metadata": {
            "operationMetadataId": "60453f2c-41b8-469a-a937-16c7824f96c2"
          },
          "type": "Foreach",
          "runtimeConfiguration": {
            "concurrency": {
              "repetitions": 50
            }
          }
        },
        "Initialize_variable_SFCCSkus": {
          "runAfter": {},
          "metadata": {
            "operationMetadataId": "7dee7162-f8f8-4b4f-b999-c7f963c1ed5f"
          },
          "type": "InitializeVariable",
          "inputs": {
            "variables": [
              {
                "name": "SFCCSkus",
                "type": "array"
              }
            ]
          }
        },
        "Run_a_Child_Flow": {
          "runAfter": {
            "Initialize_variable_SFCCSkus": [
              "Succeeded"
            ]
          },
          "metadata": {
            "operationMetadataId": "9ab4ad74-482e-4f10-986b-23789710a583"
          },
          "type": "Workflow",
          "inputs": {
            "host": {
              "workflowReferenceName": "4aeec937-8f34-ef11-8409-6045bdd4ccb0"
            }
          }
        },
        "Select_PIM_Attributes": {
          "runAfter": {
            "HTTP_Get_Kit_Info": [
              "Succeeded"
            ]
          },
          "metadata": {
            "operationMetadataId": "05b4b9e1-9dbd-46be-bb67-e2eebbbfcf2b"
          },
          "type": "Select",
          "inputs": {
            "from": "@body('HTTP_Get_Kit_Info')?['results']",
            "select": "@concat('\"',item()?['skuCode'],'\": {','\"sku\": \"',item()?['skuCode'],'\", ','\"segment\": \"',item()?['generalInformation']?['segment']?['value'],'\", ','\"line\": \"',item()?['generalInformation']?['line']?['value'],'\", ','\"productName\": \"',coalesce(item()?['generalInformation']?['productName'],item()?['generalInformation']?['erpProductName']),'\", ','\"productImage\": \"',coalesce(item()?['generalInformation']?['imageUrl']?['url'],'null'),'\", ','\"topNote\": ',coalesce(item()?['marketingInformation']?['topNotes'],'null'),', ','\"heatNote\": ',coalesce(item()?['marketingInformation']?['middleNotes'],'null'),', ','\"baseNote\": ',coalesce(item()?['marketingInformation']?['baseNotes'],'null'),', ','\"inciList\": ',coalesce(item()?['scientificInformation']?['inciList'],'null'),',',\r\n '\"formula\": \"',coalesce(item()?['scientificInformation']?['formula']?['code'],'null'),'\",','\"formulatedWithout\": ',coalesce(item()?['scientificInformation']?['formulatedWithout'],'null'),',','\"featureIngredient\": ',coalesce(item()?['marketingInformation']?['featuredIngredient'],'null'),', ','\"createdDate\": \"',coalesce(item()?['pimTechnical']?['createdDate'],'null'),'\", ','\"modifiedDate\": \"',coalesce(item()?['pimTechnical']?['modifiedDate'],'null'),'\", ','\"isVirtualKit\": ',if(or(equals(item()?['localSkuInformation']?['isVirtualKit'],'true'),equals(item()?['localSkuInformation']?['isVirtualKit'],true)),'true','false'),', ','\"productType\":  {',join(createArray(concat('item:',if(equals(item()?['productTypes']?['item'],true),'true','false')),concat('variant:',if(equals(item()?['productTypes']?['variant'],true),'true','false')),concat('bundle:',if(equals(item()?['productTypes']?['bundle'],true),'true','false')),concat('bundled:',if(equals(item()?['productTypes']?['bundled'],true),'true','false')),concat('master_code:',if(equals(item()?['productTypes']?['master_code'],true),'true','false'))),', '),'}','}')"
          }
        },
        "Compose_-_Transform_to_Objects_SFCC": {
          "runAfter": {
            "Compose-ExtractLoopData": [
              "Succeeded"
            ]
          },
          "metadata": {
            "operationMetadataId": "3a63525f-bef0-431b-97d4-e317a5dcb5cc"
          },
          "type": "Compose",
          "inputs": "@json(concat('{', join(body('Compose-ExtractLoopData'), ','), '}'))"
        },
        "Compose_-_SFCC_SKUs": {
          "runAfter": {
            "For_each_page": [
              "Succeeded"
            ]
          },
          "metadata": {
            "operationMetadataId": "715b660c-4db3-4ce9-98c4-8ba78b3d983e"
          },
          "type": "Compose",
          "inputs": "@json(replace(join(body('Select_-_SFCC_SKUs'),'') ,'][', ','))"
        },
        "Response": {
          "runAfter": {
            "ResponseBodyFormattedCompose": [
              "Succeeded"
            ]
          },
          "metadata": {
            "operationMetadataId": "00c09099-227c-4348-9c0e-d388031ce2eb"
          },
          "type": "Response",
          "kind": "Http",
          "inputs": {
            "statusCode": 200,
            "body": "@outputs('ResponseBodyFormattedCompose')?['responseBody']",
            "schema": {
              "type": "object",
              "properties": {
                "featureIngredients": {
                  "type": "array",
                  "items": {
                    "anyOf": [
                      {
                        "type": "string"
                      },
                      {
                        "type": "object",
                        "properties": {
                          "code": {
                            "anyOf": [
                              {
                                "type": "array",
                                "items": {
                                  "type": "string"
                                }
                              },
                              {
                                "type": "string"
                              }
                            ]
                          },
                          "name": {
                            "anyOf": [
                              {
                                "type": [
                                  "null",
                                  "string"
                                ]
                              },
                              {
                                "type": "array",
                                "items": {
                                  "type": "string"
                                }
                              }
                            ]
                          },
                          "function": {
                            "anyOf": [
                              {
                                "type": [
                                  "null",
                                  "string"
                                ]
                              },
                              {
                                "type": "array",
                                "items": {
                                  "type": "string"
                                }
                              }
                            ]
                          }
                        },
                        "required": [
                          "code"
                        ]
                      }
                    ]
                  }
                },
                "fragrances": {
                  "type": "array",
                  "items": {
                    "type": [
                      "null",
                      "string"
                    ]
                  }
                },
                "products": {
                  "type": "array",
                  "items": {
                    "type": "object",
                    "properties": {
                      "sku": {
                        "type": "string"
                      },
                      "productName": {
                        "type": [
                          "null",
                          "string"
                        ]
                      },
                      "productImage": {
                        "type": [
                          "null",
                          "string"
                        ]
                      },
                      "line": {
                        "type": [
                          "null",
                          "string"
                        ]
                      },
                      "segment": {
                        "type": [
                          "null",
                          "string"
                        ]
                      },
                      "modifiedDate": {
                        "type": "string"
                      },
                      "isVirtualKit": {
                        "type": "boolean"
                      },
                      "productType": {
                        "type": "object",
                        "properties": {
                          "item": {
                            "type": "boolean"
                          },
                          "variant": {
                            "type": "boolean"
                          },
                          "bundle": {
                            "type": "boolean"
                          },
                          "bundled": {
                            "type": "boolean"
                          },
                          "master_code": {
                            "type": "boolean"
                          }
                        },
                        "required": [
                          "bundle",
                          "bundled",
                          "item",
                          "master_code",
                          "variant"
                        ]
                      },
                      "createdDate": {
                        "type": "string"
                      }
                    },
                    "required": [
                      "createdDate",
                      "isVirtualKit",
                      "modifiedDate",
                      "sku"
                    ]
                  }
                }
              }
            }
          }
        },
        "Compose_-_Transform_to_Objects_PIM": {
          "runAfter": {
            "Select_PIM_Attributes": [
              "Succeeded"
            ]
          },
          "metadata": {
            "operationMetadataId": "04080ab8-f3a3-4914-b1f5-1676ad01d64a"
          },
          "type": "Compose",
          "inputs": "@json(concat('{', join(body('Select_PIM_Attributes'), ','), '}'))"
        },
        "PIM_xPath_processing": {
          "actions": {
            "Compose_-_Add_Root": {
              "metadata": {
                "operationMetadataId": "7ecd3b8e-0152-4eea-bfd4-8d30898424a8"
              },
              "type": "Compose",
              "inputs": {
                "root": {
                  "values": "@outputs('Object_PIM_API-DB_Product')"
                }
              }
            },
            "Compose_-_Convert_to_XML": {
              "runAfter": {
                "Compose_-_Add_Root": [
                  "Succeeded"
                ]
              },
              "metadata": {
                "operationMetadataId": "147da40f-733d-4635-a728-5a12ca001485"
              },
              "type": "Compose",
              "inputs": "@xml(outputs('Compose_-_Add_root'))"
            },
            "Select_-_PIM_SKUs": {
              "runAfter": {
                "Compose_-_Convert_to_XML": [
                  "Succeeded"
                ]
              },
              "metadata": {
                "operationMetadataId": "c47b7d97-9006-4261-8768-c0cab67acf98"
              },
              "type": "Select",
              "inputs": {
                "from": "@xpath(outputs('Compose_-_Convert_to_XML'),'//sku')",
                "select": "@replace(replace(base64ToString(item()?['$content']),'<sku>',''),'</sku>','')"
              }
            },
            "Select_-_FeatureIngredients": {
              "runAfter": {
                "Compose_-_Convert_to_XML": [
                  "Succeeded"
                ]
              },
              "metadata": {
                "operationMetadataId": "717dd7a0-7f40-491d-a05a-453765c405f2"
              },
              "type": "Select",
              "inputs": {
                "from": "@xpath(outputs('Compose_-_Convert_to_XML'),'//featureIngredient[normalize-space(.) != '''']')",
                "select": {
                  "code": "@first(xpath(item(), '//code/text()'))",
                  "name": "@first(xpath(item(), '//name/text()'))",
                  "function": "@first(xpath(item(), '//function/text()'))"
                }
              }
            },
            "Compose_-_Distinct_FeatureIngredients": {
              "runAfter": {
                "Select_-_FeatureIngredients": [
                  "Succeeded"
                ]
              },
              "metadata": {
                "operationMetadataId": "43b26fa4-4ebc-42eb-bfaa-4175a2947cd6"
              },
              "type": "Compose",
              "inputs": "@intersection(body('Select_-_FeatureIngredients'), body('Select_-_FeatureIngredients'))"
            },
            "Select_-_Notes": {
              "runAfter": {
                "Compose_-_Convert_to_XML": [
                  "Succeeded"
                ]
              },
              "metadata": {
                "operationMetadataId": "15e9b8c8-03d3-41fc-b02d-e8bb4efd847f"
              },
              "type": "Select",
              "inputs": {
                "from": "@xpath(outputs('Compose_-_Convert_to_XML'),'//heatNote[normalize-space(.) != ''''] | //topNote[normalize-space(.) != ''''] | //baseNote[normalize-space(.) != '''']')",
                "select": "@replace(replace(replace(replace(replace(replace(base64ToString(item()?['$content']),'<topNote>',''),'</topNote>',''), '<baseNote>',''),'</baseNote>',''),'<heatNote>',''),'</heatNote>','')"
              }
            },
            "Compose_-_Distinct_Notes": {
              "runAfter": {
                "Select_-_Notes": [
                  "Succeeded"
                ]
              },
              "metadata": {
                "operationMetadataId": "1b4b2021-2c22-4913-a3d9-50dcb82d7244"
              },
              "type": "Compose",
              "inputs": "@intersection(body('Select_-_Notes'), body('Select_-_Notes'))"
            },
            "Filter_XML_and_Convert_to_JSON_1": {
              "runAfter": {
                "Compose_-_Convert_to_XML": [
                  "Succeeded"
                ]
              },
              "metadata": {
                "operationMetadataId": "a2471a7c-e41a-4d49-9721-c654cc9a4290"
              },
              "type": "OpenApiConnection",
              "inputs": {
                "parameters": {
                  "body/xmlInput": "@base64ToString(xml(outputs('Compose_-_Add_Root'))['$content'])",
                  "body/fieldNames": [
                    "inciList",
                    "sku",
                    "formulatedWithout",
                    "formula"
                  ]
                },
                "host": {
                  "apiId": "/providers/Microsoft.PowerApps/apis/shared_xmltojson-5fddb320680fb118be-5ffc3afcb2337e6f7f",
                  "operationId": "TransformXmlToJson",
                  "connectionName": "shared_xmltojson-5fddb320680fb118be-5ffc3afcb2337e6f7f"
                }
              }
            },
            "Select_4": {
              "runAfter": {
                "Filter_XML_and_Convert_to_JSON_1": [
                  "Succeeded"
                ]
              },
              "metadata": {
                "operationMetadataId": "1e07ec22-7642-4e96-bd52-e10dbb6b7792"
              },
              "type": "Select",
              "inputs": {
                "from": "@xpath(xml(outputs('Filter_XML_and_Convert_to_JSON_1')?['body']),'//sku/..')",
                "select": "@item()"
              }
            }
          },
          "runAfter": {
            "Object_PIM_API-DB_Product": [
              "Succeeded"
            ]
          },
          "metadata": {
            "operationMetadataId": "b92d90e0-9bc2-49ab-8972-e559c477dc4c"
          },
          "type": "Scope"
        },
        "Select_-_Products": {
          "runAfter": {
            "Compose__-_All_SKUs": [
              "Succeeded"
            ]
          },
          "metadata": {
            "operationMetadataId": "38485deb-53ac-432e-95cf-9e06a0b60adc"
          },
          "type": "Select",
          "inputs": {
            "from": "@outputs('Compose__-_All_SKUs')",
            "select": {
              "sku": "@item()",
              "productName": "@coalesce(\r\n  outputs('Compose_-_Transform_to_Objects_SFCC')?[item()]?['sfccName'],\r\n  outputs('Object_PIM_API-DB_Product')?[item()]?['productName']\r\n)",
              "productImage": "@coalesce(\r\n  outputs('Compose_-_Transform_to_Objects_SFCC')?[item()]?['productImage'],\t\r\n  outputs('Object_PIM_API-DB_Product')?[item()]?['productImage']  \r\n)",
              "line": "@coalesce(\r\n  outputs('Compose_-_Transform_to_Objects_SFCC')?[item()]?['sfccline'],\r\n  outputs('Object_PIM_API-DB_Product')?[item()]?['line']  \r\n)",
              "segment": "@coalesce(\r\n  outputs('Compose_-_Transform_to_Objects_SFCC')?[item()]?['sfccsegment'],\r\n  outputs('Object_PIM_API-DB_Product')?[item()]?['segment']  \r\n)",
              "modifiedDate": "@coalesce(  \r\n  outputs('Compose_-_Transform_to_Objects_SFCC')?[item()]?['modifiedDate'],\r\n  outputs('Object_PIM_API-DB_Product')?[item()]?['modifiedDate']\r\n)",
              "isVirtualKit": "@coalesce(\r\n  outputs('Compose_-_Transform_to_Objects_SFCC')?[item()]?['isVirtualKit'],\t\r\n  outputs('Object_PIM_API-DB_Product')?[item()]?['isVirtualKit']  \r\n)",
              "productType": "@coalesce(  \r\n  outputs('Compose_-_Transform_to_Objects_SFCC')?[item()]?['productType'],\r\n  outputs('Object_PIM_API-DB_Product')?[item()]?['productType']\r\n)",
              "createdDate": "@coalesce(  \r\n  outputs('Compose_-_Transform_to_Objects_SFCC')?[item()]?['createdDate'],\r\n  outputs('Object_PIM_API-DB_Product')?[item()]?['createdDate']\r\n)"
            }
          }
        },
        "Compose__-_All_SKUs": {
          "runAfter": {
            "PIM_xPath_processing": [
              "Succeeded"
            ],
            "Compose_-_SFCC_SKUs": [
              "Succeeded"
            ],
            "Compose_-_Transform_to_Objects_SFCC": [
              "Succeeded"
            ]
          },
          "metadata": {
            "operationMetadataId": "5da49845-1ca0-43f5-b021-9826862a205a"
          },
          "type": "Compose",
          "inputs": "@union(body('Select_-_PIM_SKUs'),outputs('Compose_-_SFCC_SKUs'))"
        },
        "Compose_-_Counters": {
          "runAfter": {
            "Select_-_Products": [
              "Succeeded"
            ]
          },
          "metadata": {
            "operationMetadataId": "f45f1f1c-f76f-4c78-8e21-937ad2d2e1af"
          },
          "type": "Compose",
          "inputs": "PIM: @{length(body('Select_-_PIM_SKUs'))}, SFCC: @{length(outputs('Compose_-_SFCC_SKUs'))}, SFCCobjects: @{length(outputs('Compose-ExtractLoopData')?['body'])}, Total: @{length(body('Select_-_Products'))}"
        },
        "Select-GroupLoopData": {
          "runAfter": {
            "For_each_page": [
              "Succeeded"
            ]
          },
          "metadata": {
            "operationMetadataId": "82880ed6-b579-455e-94c6-74b38199cb98"
          },
          "type": "Select",
          "inputs": {
            "from": "@outputs('Compose_-_AggSFCC_Objects')",
            "select": "@item()"
          }
        },
        "Compose-ExtractLoopData": {
          "runAfter": {
            "Select-GroupLoopData": [
              "Succeeded"
            ]
          },
          "metadata": {
            "operationMetadataId": "94b08582-5e3f-426e-8008-7f157d6df263"
          },
          "type": "Compose",
          "inputs": "@json(concat('{','\"','body','\": [',replace(replace(string(body('Select-GroupLoopData')),'[',''),']',''),']}'))"
        },
        "Filter-PIMUniqueSKU": {
          "runAfter": {
            "Compose__-_All_SKUs": [
              "Succeeded"
            ]
          },
          "metadata": {
            "operationMetadataId": "099313b8-fd89-436a-a963-fc0429f86ce6"
          },
          "type": "Query",
          "inputs": {
            "from": "@body('Select_-_PIM_SKUs')",
            "where": "@not(contains(outputs('Compose_-_SFCC_SKUs'),item()))"
          }
        },
        "Filter-SFCCUniqueSKU": {
          "runAfter": {
            "Filter-PIMUniqueSKU": [
              "Succeeded"
            ]
          },
          "metadata": {
            "operationMetadataId": "35136a93-b69f-42c7-b0bb-9bf584506bdc"
          },
          "type": "Query",
          "inputs": {
            "from": "@outputs('Compose_-_SFCC_SKUs')",
            "where": "@not(contains(body('Select_-_PIM_SKUs'),item()))"
          }
        },
        "Filter-MatchingSKU": {
          "runAfter": {
            "Filter-SFCCUniqueSKU": [
              "Succeeded"
            ]
          },
          "metadata": {
            "operationMetadataId": "59124447-b55b-4799-b846-2e7cc0c2aac0"
          },
          "type": "Query",
          "inputs": {
            "from": "@outputs('Compose_-_SFCC_SKUs')",
            "where": "@contains(body('Select_-_PIM_SKUs'),item())"
          }
        },
        "Select-AllUnfiliteredSFCC": {
          "runAfter": {
            "For_each_page": [
              "Succeeded"
            ]
          },
          "metadata": {
            "operationMetadataId": "ce3e4f83-96e0-4bf9-be71-73a84c188383"
          },
          "type": "Select",
          "inputs": {
            "from": "@outputs('Select-AllSFCCData')",
            "select": "@item()?['body']"
          }
        },
        "Select_3": {
          "runAfter": {
            "For_each_page": [
              "Succeeded"
            ]
          },
          "metadata": {
            "operationMetadataId": "7b3439ca-6f27-4097-b984-49ecd2d49c23"
          },
          "type": "Select",
          "inputs": {
            "from": "@xpath(xml(addProperty(json('{}'),'root', addProperty(json('{}'),'vals',outputs('Select_2')))),'//body/*')",
            "select": "@json(item())"
          }
        },
        "GetRecentModifiedProd": {
          "runAfter": {
            "DateUntilModified": [
              "Succeeded"
            ]
          },
          "metadata": {
            "operationMetadataId": "24b0c9a7-112b-498c-af39-365fa08f5bd4"
          },
          "type": "OpenApiConnection",
          "inputs": {
            "parameters": {
              "entityName": "occt_pim_productdatas",
              "fetchXml": "<fetch version=\"1.0\" output-format=\"xml-platform\" mapping=\"logical\" returntotalrecordcount=\"true\">\n\t<entity name=\"occt_pim_productdata\">\n\t\t<attribute name=\"occt_pim_productdataid\"/>\n\t\t<attribute name=\"occt_pimcreateddate\" />\n    <attribute name=\"occt_pimmodifieddate\" />\n    <attribute name=\"occt_skucheckcol\" />\n    <attribute name=\"occt_producttype\" />\n    <attribute name=\"occt_rawproductjson\" />\n\t\t<filter type=\"and\">\n\t\t\t<condition attribute=\"occt_pimmodifieddate\" operator=\"on-or-after\" value=\"@{triggerBody()?['text_1']}\"/>\n\t\t\t<condition attribute=\"occt_pimmodifieddate\" operator=\"on-or-before\" value=\"@{formatDateTime(addDays(utcNow(),-5),'yyyy-MM-dd')}\"/>\n\t\t</filter>    \n\t</entity>\n</fetch>"
            },
            "host": {
              "apiId": "/providers/Microsoft.PowerApps/apis/shared_commondataserviceforapps",
              "operationId": "ListRecords",
              "connectionName": "shared_commondataserviceforapps"
            }
          }
        },
        "HTTP_Get_Product_Info": {
          "runAfter": {
            "DateUntilModified": [
              "Succeeded"
            ]
          },
          "metadata": {
            "operationMetadataId": "ea792d0c-fb2b-451e-8426-10a68df768df"
          },
          "type": "Http",
          "inputs": {
            "uri": "@{parameters('varPIMApiEndPoint (occt_PIMApiEndPoint)')}?filter=type:product,master_code&filter=type:product,master_code&locale=@{outputs('localValue')}&filter=validation_after:@{outputs('DateUntilModified')}",
            "method": "GET",
            "headers": {
              "X-Gateway-APIKEY": "@{parameters('varPIMApiKey (occt_varPIMApiKey)')}",
              "Accept": "application/json; charset=UTF-8"
            }
          }
        },
        "Select_Dataverse_Attributes": {
          "runAfter": {
            "Filter_RecentModified": [
              "Succeeded"
            ]
          },
          "metadata": {
            "operationMetadataId": "080c6070-712f-4c33-a5cb-390bbe602d90"
          },
          "type": "Select",
          "inputs": {
            "from": "@body('Filter_RecentModified')",
            "select": "@json(slice(string(intersection(array(slice(concat('{',concat(\r\n  '\"', item()?['occt_skucheckcol'], '\": {\r\n',\r\n    '  \"sku\": \"', coalesce(item()?['occt_skucheckcol'], ''), '\", ',\r\n    '  \"segment\": \"', coalesce(json(item()?['occt_rawproductjson'])?['generalInformation']?['segment']?['value'], ''), '\", ',\r\n    '  \"line\": \"', coalesce(json(item()?['occt_rawproductjson'])?['generalInformation']?['line']?['value'], ''), '\", ',\r\n    '  \"productName\": \"', coalesce(json(item()?['occt_rawproductjson'])?['generalInformation']?['productName'], json(item()?['occt_rawproductjson'])?['generalInformation']?['erpProductName']), '\", ',\r\n    '  \"productImage\": \"', coalesce(json(item()?['occt_rawproductjson'])?['generalInformation']?['imageUrl']?['url'], 'null'), '\", ',\r\n    '  \"topNote\": ', coalesce(json(item()?['occt_rawproductjson'])?['marketingInformation']?['topNotes'], 'null'), ', ',\r\n    '  \"heatNote\": ', coalesce(json(item()?['occt_rawproductjson'])?['marketingInformation']?['middleNotes'], 'null'), ', ',\r\n    '  \"baseNote\": ', coalesce(json(item()?['occt_rawproductjson'])?['marketingInformation']?['baseNotes'], 'null'), ', ',\r\n    '  \"inciList\": ', coalesce(json(item()?['occt_rawproductjson'])?['scientificInformation']?['inciList'], 'null'), ', ',\r\n    '  \"formula\": \"', coalesce(json(item()?['occt_rawproductjson'])?['scientificInformation']?['formula']?['code'], 'null'), '\", ',\r\n    '  \"formulatedWithout\": ', coalesce(json(item()?['occt_rawproductjson'])?['scientificInformation']?['formulatedWithout'], 'null'), ', ',\r\n    '  \"featureIngredient\": ', coalesce(json(item()?['occt_rawproductjson'])?['marketingInformation']?['featuredIngredient'], 'null'), ', ',\r\n    '  \"createdDate\": \"', coalesce(json(item()?['occt_rawproductjson'])?['pimTechnical']?['createdDate'], 'null'), '\", ',\r\n    '  \"modifiedDate\": \"', coalesce(json(item()?['occt_rawproductjson'])?['pimTechnical']?['modifiedDate'], 'null'), '\", ',\r\n    '  \"isVirtualKit\": ', if(or(equals(json(item()?['occt_rawproductjson'])?['localSkuInformation']?['isVirtualKit'], 'true'), equals(json(item()?['occt_rawproductjson'])?['localSkuInformation']?['isVirtualKit'], true)), 'true', 'false'), ', ',\r\n    '  \"productType\": { ',\r\n      concat(\r\n        '\"item\": ', if(equals(item()?['productTypes']?['item'], true), 'true', 'false'), ', ',\r\n        '\"variant\": ', if(equals(item()?['productTypes']?['variant'], true), 'true', 'false'), ', ',\r\n        '\"bundle\": ', if(equals(item()?['productTypes']?['bundle'], true), 'true', 'false'), ', ',\r\n        '\"bundled\": ', if(equals(item()?['productTypes']?['bundled'], true), 'true', 'false'), ', ',\r\n        '\"master_code\": ', if(equals(item()?['productTypes']?['master_code'], true), 'true', 'false')\r\n      ),\r\n    ' }',\r\n  '\r\n}'\r\n),'}'),1,-1)),array(slice(concat('{',concat(\r\n  '\"', item()?['occt_skucheckcol'], '\": {\r\n',\r\n    '  \"sku\": \"', coalesce(item()?['occt_skucheckcol'], ''), '\", ',\r\n    '  \"segment\": \"', coalesce(json(item()?['occt_rawproductjson'])?['generalInformation']?['segment']?['value'], ''), '\", ',\r\n    '  \"line\": \"', coalesce(json(item()?['occt_rawproductjson'])?['generalInformation']?['line']?['value'], ''), '\", ',\r\n    '  \"productName\": \"', coalesce(json(item()?['occt_rawproductjson'])?['generalInformation']?['productName'], json(item()?['occt_rawproductjson'])?['generalInformation']?['erpProductName']), '\", ',\r\n    '  \"productImage\": \"', coalesce(json(item()?['occt_rawproductjson'])?['generalInformation']?['imageUrl']?['url'], 'null'), '\", ',\r\n    '  \"topNote\": ', coalesce(json(item()?['occt_rawproductjson'])?['marketingInformation']?['topNotes'], 'null'), ', ',\r\n    '  \"heatNote\": ', coalesce(json(item()?['occt_rawproductjson'])?['marketingInformation']?['middleNotes'], 'null'), ', ',\r\n    '  \"baseNote\": ', coalesce(json(item()?['occt_rawproductjson'])?['marketingInformation']?['baseNotes'], 'null'), ', ',\r\n    '  \"inciList\": ', coalesce(json(item()?['occt_rawproductjson'])?['scientificInformation']?['inciList'], 'null'), ', ',\r\n    '  \"formula\": \"', coalesce(json(item()?['occt_rawproductjson'])?['scientificInformation']?['formula']?['code'], 'null'), '\", ',\r\n    '  \"formulatedWithout\": ', coalesce(json(item()?['occt_rawproductjson'])?['scientificInformation']?['formulatedWithout'], 'null'), ', ',\r\n    '  \"featureIngredient\": ', coalesce(json(item()?['occt_rawproductjson'])?['marketingInformation']?['featuredIngredient'], 'null'), ', ',\r\n    '  \"createdDate\": \"', coalesce(json(item()?['occt_rawproductjson'])?['pimTechnical']?['createdDate'], 'null'), '\", ',\r\n    '  \"modifiedDate\": \"', coalesce(json(item()?['occt_rawproductjson'])?['pimTechnical']?['modifiedDate'], 'null'), '\", ',\r\n    '  \"isVirtualKit\": ', if(or(equals(json(item()?['occt_rawproductjson'])?['localSkuInformation']?['isVirtualKit'], 'true'), equals(json(item()?['occt_rawproductjson'])?['localSkuInformation']?['isVirtualKit'], true)), 'true', 'false'), ', ',\r\n    '  \"productType\": { ',\r\n      concat(\r\n        '\"item\": ', if(equals(item()?['productTypes']?['item'], true), 'true', 'false'), ', ',\r\n        '\"variant\": ', if(equals(item()?['productTypes']?['variant'], true), 'true', 'false'), ', ',\r\n        '\"bundle\": ', if(equals(item()?['productTypes']?['bundle'], true), 'true', 'false'), ', ',\r\n        '\"bundled\": ', if(equals(item()?['productTypes']?['bundled'], true), 'true', 'false'), ', ',\r\n        '\"master_code\": ', if(equals(item()?['productTypes']?['master_code'], true), 'true', 'false')\r\n      ),\r\n    ' }',\r\n  '\r\n}'\r\n),'}'),1,-1)))),1,-1))"
          }
        },
        "Select_Dataverse_via_XML": {
          "runAfter": {
            "Filter_RecentModified": [
              "Succeeded"
            ]
          },
          "metadata": {
            "operationMetadataId": "9b6f23ea-805d-4f62-a4c6-00a0262814c6"
          },
          "type": "Select",
          "inputs": {
            "from": "@body('Filter_RecentModified')",
            "select": "@base64ToString(xml(addProperty(json('{}'),item()?['occt_skucheckcol'],json(item()?['occt_rawproductjson'])))?['$content'])"
          }
        },
        "LastModifiedFilter": {
          "runAfter": {
            "localValue": [
              "Succeeded"
            ]
          },
          "metadata": {
            "operationMetadataId": "2ebf8166-7fc8-4b4f-9964-68a131a8ea5c"
          },
          "type": "Compose",
          "inputs": "@if(lessOrEquals(triggerBody()?['text_1'],formatDateTime(addDays(utcNow(),-45),'yyyy-MM-dd')),triggerBody()?['text_1'],formatDateTime(addDays(utcNow(),-45),'yyyy-MM-dd'))"
        },
        "Select_Dataverse_via_XML_lvl2": {
          "runAfter": {
            "Select_Dataverse_via_XML": [
              "Succeeded"
            ]
          },
          "metadata": {
            "operationMetadataId": "5d410aec-f077-4c8f-bc97-137e129b1a16"
          },
          "type": "Select",
          "inputs": {
            "from": "@xpath(xml(addProperty(json('{}'),'root', addProperty(json('{}'),'values',outputs('Select_Dataverse_via_XML')))),'//values/*')",
            "select": "@xml(base64ToString(removeProperty(item(),'$content-type')?['$content']))"
          }
        },
        "Select_Type_Product_Attributes": {
          "runAfter": {
            "HTTP_Get_Product_Info": [
              "Succeeded"
            ]
          },
          "metadata": {
            "operationMetadataId": "1cb76c2b-4aed-4fe1-b118-d4af4e3d9edc"
          },
          "type": "Select",
          "inputs": {
            "from": "@body('HTTP_Get_Product_Info')?['results']",
            "select": "@concat(\r\n  '\"', item()?['skuCode'], '\": {\r\n',\r\n    '  \"sku\": \"', coalesce(item()?['skuCode'], ''), '\", ',\r\n    '  \"segment\": \"', coalesce(item()?['generalInformation']?['segment']?['value'], ''), '\", ',\r\n    '  \"line\": \"', coalesce(item()?['generalInformation']?['line']?['value'], ''), '\", ',\r\n    '  \"productName\": \"', coalesce(item()?['generalInformation']?['productName'], item()?['generalInformation']?['erpProductName']), '\", ',\r\n    '  \"productImage\": \"', coalesce(item()?['generalInformation']?['imageUrl']?['url'], 'null'), '\", ',\r\n    '  \"topNote\": ', coalesce(item()?['marketingInformation']?['topNotes'], 'null'), ', ',\r\n    '  \"heatNote\": ', coalesce(item()?['marketingInformation']?['middleNotes'], 'null'), ', ',\r\n    '  \"baseNote\": ', coalesce(item()?['marketingInformation']?['baseNotes'], 'null'), ', ',\r\n    '  \"inciList\": ', coalesce(item()?['scientificInformation']?['inciList'], 'null'), ', ',\r\n    '  \"formula\": \"', coalesce(item()?['scientificInformation']?['formula']?['code'], 'null'), '\", ',\r\n    '  \"formulatedWithout\": ', coalesce(item()?['scientificInformation']?['formulatedWithout'], 'null'), ', ',\r\n    '  \"featureIngredient\": ', coalesce(item()?['marketingInformation']?['featuredIngredient'], 'null'), ', ',\r\n    '  \"createdDate\": \"', coalesce(item()?['pimTechnical']?['createdDate'], 'null'), '\", ',\r\n    '  \"modifiedDate\": \"', coalesce(item()?['pimTechnical']?['modifiedDate'], 'null'), '\", ',\r\n    '  \"isVirtualKit\": ', if(or(equals(item()?['localSkuInformation']?['isVirtualKit'], 'true'), equals(item()?['localSkuInformation']?['isVirtualKit'], true)), 'true', 'false'), ', ',\r\n    '  \"productType\": { ',\r\n      concat(\r\n        '\"item\": ', if(equals(item()?['productTypes']?['item'], true), 'true', 'false'), ', ',\r\n        '\"variant\": ', if(equals(item()?['productTypes']?['variant'], true), 'true', 'false'), ', ',\r\n        '\"bundle\": ', if(equals(item()?['productTypes']?['bundle'], true), 'true', 'false'), ', ',\r\n        '\"bundled\": ', if(equals(item()?['productTypes']?['bundled'], true), 'true', 'false'), ', ',\r\n        '\"master_code\": ', if(equals(item()?['productTypes']?['master_code'], true), 'true', 'false')\r\n      ),\r\n    ' }',\r\n  '\r\n}'\r\n)"
          }
        },
        "Select_StringJsonCol": {
          "runAfter": {
            "Filter_RecentModified": [
              "Succeeded"
            ]
          },
          "metadata": {
            "operationMetadataId": "6276bff4-faea-4cef-bd92-e91139535af4"
          },
          "type": "Select",
          "inputs": {
            "from": "@body('Filter_RecentModified')",
            "select": "@addProperty(json('{}'),item()?['occt_skucheckcol'],json(concat('\"{',\r\n'\"sku\": \"',item()?['occt_skucheckcol'],'\", ',\r\n'\"segment\": \"',removeProperty(json(item()?['occt_rawproductjson']),'productReferences')?['generalInformation']?['segment']?['value'],'\", ',\r\n'\"line\": \"',removeProperty(json(item()?['occt_rawproductjson']),'productReferences')?['generalInformation']?['line']?['value'],'\", ',\r\n'\"productName\": \"',coalesce(removeProperty(json(item()?['occt_rawproductjson']),'productReferences')?['generalInformation']?['productName'],removeProperty(json(item()?['occt_rawproductjson']),'productReferences')?['generalInformation']?['erpProductName']),'\", ',\r\n'\"productImage\": \"',coalesce(removeProperty(json(item()?['occt_rawproductjson']),'productReferences')?['generalInformation']?['imageUrl']?['url'],'null'),'\", ',\r\n'\"topNote\": ',coalesce(removeProperty(json(item()?['occt_rawproductjson']),'productReferences')?['marketingInformation']?['topNotes'],'null'),', ',\r\n'\"heatNote\": ',coalesce(removeProperty(json(item()?['occt_rawproductjson']),'productReferences')?['marketingInformation']?['middleNotes'],'null'),', ',\r\n'\"baseNote\": ',coalesce(removeProperty(json(item()?['occt_rawproductjson']),'productReferences')?['marketingInformation']?['baseNotes'],'null'),', ',\r\n'\"inciList\": ',coalesce(removeProperty(json(item()?['occt_rawproductjson']),'productReferences')?['scientificInformation']?['inciList'],'null'),',',\r\n'\"formula\": \"',coalesce(removeProperty(json(item()?['occt_rawproductjson']),'productReferences')?['scientificInformation']?['formula']?['code'],'null'),'\",',\r\n'\"formulatedWithout\": ',coalesce(removeProperty(json(item()?['occt_rawproductjson']),'productReferences')?['scientificInformation']?['formulatedWithout'],'null'),',',\r\n'\"featureIngredient\": ',coalesce(removeProperty(json(item()?['occt_rawproductjson']),'productReferences')?['marketingInformation']?['featuredIngredient'],'null'),', ',\r\n'\"createdDate\": \"',coalesce(removeProperty(json(item()?['occt_rawproductjson']),'productReferences')?['pimTechnical']?['createdDate'],'null'),'\", ',\r\n'\"modifiedDate\": \"',coalesce(removeProperty(json(item()?['occt_rawproductjson']),'productReferences')?['pimTechnical']?['modifiedDate'],'null'),'\", ',\r\n'\"isVirtualKit\": ',if(or(equals(removeProperty(json(item()?['occt_rawproductjson']),'productReferences')?['localSkuInformation']?['isVirtualKit'],'true'),equals(removeProperty(json(item()?['occt_rawproductjson']),'productReferences')?['localSkuInformation']?['isVirtualKit'],true)),'true','false'),', ',\r\n'\"productType\":  {',join(createArray(concat('item:',if(equals(removeProperty(json(item()?['occt_rawproductjson']),'productReferences')?['productTypes']?['item'],true),'true','false')),concat('variant:',if(equals(removeProperty(json(item()?['occt_rawproductjson']),'productReferences')?['productTypes']?['variant'],true),'true','false')),concat('bundle:',if(equals(removeProperty(json(item()?['occt_rawproductjson']),'productReferences')?['productTypes']?['bundle'],true),'true','false')),concat('bundled:',if(equals(removeProperty(json(item()?['occt_rawproductjson']),'productReferences')?['productTypes']?['bundled'],true),'true','false')),concat('master_code:',if(equals(removeProperty(json(item()?['occt_rawproductjson']),'productReferences')?['productTypes']?['master_code'],true),'true','false'))),', '),'}','}')))"
          }
        },
        "Select_Type_Product_Attributes_XML": {
          "runAfter": {
            "HTTP_Get_Product_Info": [
              "Succeeded"
            ]
          },
          "metadata": {
            "operationMetadataId": "6618d898-df2f-481c-871e-9e29d32e556d"
          },
          "type": "Select",
          "inputs": {
            "from": "@body('HTTP_Get_Product_Info')?['results']",
            "select": "@slice(string(addProperty(json('{}'),item()?['skuCode'],removeProperty(item(),'productReferences'))),1,-1)"
          }
        },
        "Union_PIM_API-DB": {
          "runAfter": {
            "Select_Type_Product_Attributes": [
              "Succeeded"
            ],
            "Select_PIM_Attributes": [
              "Succeeded"
            ],
            "PIM_Split_Filtering": [
              "Succeeded"
            ]
          },
          "metadata": {
            "operationMetadataId": "cac852ef-5fce-404c-9e9f-6748a3953fee"
          },
          "type": "Compose",
          "inputs": "@union(body('Select_Type_Product_Attributes'),outputs('Union_Split_Filters'),body('Select_PIM_Attributes'))"
        },
        "Object_PIM_API-DB_Product": {
          "runAfter": {
            "Union_PIM_API-DB": [
              "Succeeded"
            ]
          },
          "metadata": {
            "operationMetadataId": "bb41722a-9786-4e19-b75d-1bca825a3f4b"
          },
          "type": "Compose",
          "inputs": "@json(concat('{', join(outputs('Union_PIM_API-DB'), ','), '}'))"
        },
        "GetAttrList": {
          "runAfter": {},
          "metadata": {
            "operationMetadataId": "04c12130-7764-4be5-b964-95641052f8b1"
          },
          "type": "OpenApiConnection",
          "inputs": {
            "parameters": {
              "entityName": "occt_pim_productdatas",
              "fetchXml": "<fetch version=\"1.0\" output-format=\"xml-platform\" mapping=\"logical\"\nreturntotalrecordcount=\"true\">\t\n\t<entity name=\"occt_pim_productdata\">\t\t\n\t\t<attribute name=\"occt_pim_productdataid\" />\n\t\t<attribute name=\"occt_pimmodifieddate\" />\n\t\t<attribute name=\"occt_rawproductjson\" />\n\t\t<attribute name=\"occt_skucheckcol\" />\n\t</entity>\n</fetch>"
            },
            "host": {
              "apiId": "/providers/Microsoft.PowerApps/apis/shared_commondataserviceforapps",
              "operationId": "ListRecords",
              "connectionName": "shared_commondataserviceforapps"
            }
          }
        },
        "Select": {
          "runAfter": {
            "Select_StringJsonCol": [
              "Succeeded"
            ]
          },
          "metadata": {
            "operationMetadataId": "898f7e5a-2735-401c-9821-047090e512a4"
          },
          "type": "Select",
          "inputs": {
            "from": "@body('Select_StringJsonCol')",
            "select": "@slice(string(item()),1,-1)"
          }
        },
        "SelectAttrListXML": {
          "runAfter": {
            "Filter_AttrList": [
              "Succeeded"
            ]
          },
          "metadata": {
            "operationMetadataId": "13078185-b0ce-464e-8fe4-d1a6557a44d6"
          },
          "type": "Select",
          "inputs": {
            "from": "@body('Filter_AttrList')",
            "select": "@base64ToString(xml(addProperty(json('{}'),item()?['occt_skucheckcol'],json(item()?['occt_rawproductjson'])))?['$content'])"
          }
        },
        "SelectAttrListXML_lvl2": {
          "runAfter": {
            "SelectAttrListXML": [
              "Succeeded"
            ]
          },
          "metadata": {
            "operationMetadataId": "42127726-d33a-42ee-9f42-a26df664a596"
          },
          "type": "Select",
          "inputs": {
            "from": "@body('SelectAttrListXML')",
            "select": "@slice(string(item()),1,-1)"
          }
        },
        "GetAttributes": {
          "runAfter": {},
          "metadata": {
            "operationMetadataId": "8bd3c077-8b66-43ee-b0f1-363413f064f4"
          },
          "type": "OpenApiConnection",
          "inputs": {
            "parameters": {
              "entityName": "occt_pim_productdatas",
              "fetchXml": "<fetch version=\"1.0\" output-format=\"xml-platform\" mapping=\"logical\" returntotalrecordcount=\"true\">\t\n\t<entity name=\"occt_pim_productdata\">\t\n\t\t<attribute name=\"occt_pim_productdataid\" />\n\t\t<attribute name=\"occt_marketinfobasenotes\" />\n\t\t<attribute name=\"occt_marketinfofeaturedingredient\" />\n\t\t<attribute name=\"occt_marketinfomiddlenotes\" />\n\t\t<attribute name=\"occt_marketinfotopnotes\" />\n\t\t<attribute name=\"occt_pimcreateddate\" />\n\t\t<attribute name=\"occt_pimmodifieddate\" />\n\t\t<attribute name=\"occt_sciinfoformulacode\" />\n\t\t<attribute name=\"occt_sciinfoformulaname\" />\n\t\t<attribute name=\"occt_sciinfoformulatedwithout\" />\n\t\t<attribute name=\"occt_sciinfoincilist\" />\n\t\t<attribute name=\"occt_skucheckcol\" />\t\t\n\t\t<filter type=\"and\">\n\t\t\t<condition attribute=\"occt_pimmodifieddate\" operator=\"on-or-before\" value=\"@{formatDateTime(addDays(utcNow(),-3),'yyyy-MM-dd')}\" />\n\t\t</filter>\n\t</entity>\n</fetch>"
            },
            "host": {
              "apiId": "/providers/Microsoft.PowerApps/apis/shared_commondataserviceforapps",
              "operationId": "ListRecords",
              "connectionName": "shared_commondataserviceforapps"
            }
          }
        },
        "Filter_array": {
          "runAfter": {
            "GetAttributes": [
              "Succeeded"
            ]
          },
          "metadata": {
            "operationMetadataId": "3a9bc2d3-04ce-4b06-bbfe-ad9cff4c814f"
          },
          "type": "Query",
          "inputs": {
            "from": "@outputs('GetAttributes')?['body/value']",
            "where": "@not(empty(item()?['occt_sciinfoformulacode']))"
          }
        },
        "Select_Type_Product_Attributes_XML_lvl2": {
          "runAfter": {
            "Select_Type_Product_Attributes_XML": [
              "TimedOut"
            ]
          },
          "metadata": {
            "operationMetadataId": "706b8103-5eff-461d-88c6-d70f6cd7e7cc"
          },
          "type": "Select",
          "inputs": {
            "from": "@xpath(xml(addProperty(json('{}'),'root',addProperty(json('{}'),'values',json(concat('{', join(body('Select_Type_Product_Attributes_XML'), ','), '}'))))),'//values/*')",
            "select": "@xml(item())"
          }
        },
        "Compose_Product_XML": {
          "runAfter": {
            "Select_Type_Product_Attributes_XML": [
              "Succeeded"
            ]
          },
          "metadata": {
            "operationMetadataId": "b462b02a-c29f-4f0d-ae4e-5d3b1421eb3c"
          },
          "type": "Compose",
          "inputs": {
            "root": {
              "values": "@json(concat('{', join(body('Select_Type_Product_Attributes_XML'), ','), '}'))"
            }
          }
        },
        "Compose_Product_XML_lvl2": {
          "runAfter": {
            "Compose_Product_XML": [
              "Succeeded"
            ]
          },
          "metadata": {
            "operationMetadataId": "cbba098f-33a8-4d04-87fc-34a8b482aac0"
          },
          "type": "Compose",
          "inputs": "@xml(outputs('Compose_Product_XML'))"
        },
        "Select_Products_v2": {
          "runAfter": {
            "HTTP_Get_Product_Info": [
              "Succeeded"
            ]
          },
          "metadata": {
            "operationMetadataId": "0b11e8b3-e33c-48ba-87c5-7925a64de251"
          },
          "type": "Select",
          "inputs": {
            "from": "@body('HTTP_Get_Product_Info')?['results']",
            "select": "@base64ToString(xml(addProperty(json('{}'),'values',addProperty(json('{}'),item()?['skuCode'],removeProperty(item(),'productReferences'))))?['$content'])"
          }
        },
        "Select_Products_lvl2_v2": {
          "runAfter": {
            "Select_Products_v2": [
              "Succeeded"
            ]
          },
          "metadata": {
            "operationMetadataId": "d0d9be26-5dc4-4a52-96fe-64e30e48dac9"
          },
          "type": "Select",
          "inputs": {
            "from": "@xpath(xml(addProperty(json('{}'),'root', join(body('Select_Products_v2'),''))),'//root/*')",
            "select": "@item()"
          }
        },
        "Select_Formula_Attributes": {
          "runAfter": {
            "Filter_array": [
              "Succeeded"
            ]
          },
          "metadata": {
            "operationMetadataId": "1220d82f-e4ba-4ffd-b1a6-f7e455639fbb"
          },
          "type": "Select",
          "inputs": {
            "from": "@body('Filter_array')",
            "select": {
              "skuCode": "@item()?['occt_skucheckcol']",
              "formulaCode": "@item()?['occt_sciinfoformulacode']",
              "featuredIngredients": "@slice(string(item()?['occt_marketinfofeaturedingredient']),1,-1)",
              "formulatedWithout": "@item()?['occt_sciinfoformulatedwithout']",
              "inciList": "@item()?['occt_sciinfoincilist']",
              "formulaName": "@item()?['occt_sciinfoformulaname']",
              "pimModifiedDate": "@item()?['occt_pimmodifieddate']",
              "mergedNotes": "@json(string(split(replace(join(createArray(item()?['occt_marketinfobasenotes'],item()?['occt_marketinfomiddlenotes'],item()?['occt_marketinfotopnotes']),','),';',','),',')))"
            }
          }
        },
        "DateUntilModified": {
          "runAfter": {
            "LastModifiedFilter": [
              "Succeeded"
            ]
          },
          "metadata": {
            "operationMetadataId": "bec6f1cf-b992-4316-875c-cd22fffcb740"
          },
          "type": "Compose",
          "inputs": "@if(greaterOrEquals(triggerBody()?['text_2'],formatDateTime(addDays(utcNow(),-7),'yyyy-MM-dd')),formatDateTime(triggerBody()?['text_2'],'yyyy-MM-dd'),formatDateTime(addDays(utcNow(),-7),'yyyy-MM-dd'))"
        },
        "PIM_Split_Filtering": {
          "actions": {
            "Filter_for_KIT": {
              "runAfter": {
                "Select_Main_DB_Filter": [
                  "Succeeded"
                ]
              },
              "metadata": {
                "operationMetadataId": "b7b8bb82-ed8d-4c7c-8646-4730e0250689"
              },
              "type": "Query",
              "inputs": {
                "from": "@body('Select_Main_DB_Filter')",
                "where": "@equals(item()?['occt_producttype'],'KIT')"
              }
            },
            "Filter_for_PRODUCT": {
              "runAfter": {
                "Select_Main_DB_Filter": [
                  "Succeeded"
                ]
              },
              "metadata": {
                "operationMetadataId": "99479cd6-0646-4919-9b4f-4d1adb077c3d"
              },
              "type": "Query",
              "inputs": {
                "from": "@body('Select_Main_DB_Filter')",
                "where": "@equals(item()?['occt_producttype'],'PRODUCT')"
              }
            },
            "Filter_for_MASTER_CODE": {
              "runAfter": {
                "Select_Main_DB_Filter": [
                  "Succeeded"
                ]
              },
              "metadata": {
                "operationMetadataId": "0530c59a-f9cb-47bd-8d6a-f682f1002ffb"
              },
              "type": "Query",
              "inputs": {
                "from": "@body('Select_Main_DB_Filter')",
                "where": "@equals(item()?['occt_producttype'],'MASTER_CODE')"
              }
            },
            "Select_KIT_Filter": {
              "runAfter": {
                "Select_RawJSON_KIT": [
                  "Succeeded"
                ]
              },
              "metadata": {
                "operationMetadataId": "51e10698-5c73-43a1-b99a-6e2977cfe1a5"
              },
              "type": "Select",
              "inputs": {
                "from": "@body('Select_RawJSON_KIT')",
                "select": "@concat(\r\n  '\"', item()?['skuCode'], '\": {\r\n',\r\n    '  \"sku\": \"', coalesce(item()?['skuCode'], ''), '\", ',\r\n    '  \"segment\": \"', coalesce(item()?['generalInformation']?['segment']?['value'], ''), '\", ',\r\n    '  \"line\": \"', coalesce(item()?['generalInformation']?['line']?['value'], ''), '\", ',\r\n    '  \"productName\": \"', coalesce(item()?['generalInformation']?['productName'], item()?['generalInformation']?['erpProductName']), '\", ',\r\n    '  \"productImage\": \"', coalesce(item()?['generalInformation']?['imageUrl']?['url'], 'null'), '\", ',\r\n    '  \"topNote\": ', coalesce(item()?['marketingInformation']?['topNotes'], 'null'), ', ',\r\n    '  \"heatNote\": ', coalesce(item()?['marketingInformation']?['middleNotes'], 'null'), ', ',\r\n    '  \"baseNote\": ', coalesce(item()?['marketingInformation']?['baseNotes'], 'null'), ', ',\r\n    '  \"inciList\": ', coalesce(item()?['scientificInformation']?['inciList'], 'null'), ', ',\r\n    '  \"formula\": \"', coalesce(item()?['scientificInformation']?['formula']?['code'], 'null'), '\", ',\r\n    '  \"formulatedWithout\": ', coalesce(item()?['scientificInformation']?['formulatedWithout'], 'null'), ', ',\r\n    '  \"featureIngredient\": ', coalesce(item()?['marketingInformation']?['featuredIngredient'], 'null'), ', ',\r\n    '  \"createdDate\": \"', coalesce(item()?['pimTechnical']?['createdDate'], 'null'), '\", ',\r\n    '  \"modifiedDate\": \"', coalesce(item()?['pimTechnical']?['modifiedDate'], 'null'), '\", ',\r\n    '  \"isVirtualKit\": ', if(or(equals(item()?['localSkuInformation']?['isVirtualKit'], 'true'), equals(item()?['localSkuInformation']?['isVirtualKit'], true)), 'true', 'false'), ', ',\r\n    '  \"productType\": { ',\r\n      concat(\r\n        '\"item\": ', if(equals(item()?['productTypes']?['item'], true), 'true', 'false'), ', ',\r\n        '\"variant\": ', if(equals(item()?['productTypes']?['variant'], true), 'true', 'false'), ', ',\r\n        '\"bundle\": ', if(equals(item()?['productTypes']?['bundle'], true), 'true', 'false'), ', ',\r\n        '\"bundled\": ', if(equals(item()?['productTypes']?['bundled'], true), 'true', 'false'), ', ',\r\n        '\"master_code\": ', if(equals(item()?['productTypes']?['master_code'], true), 'true', 'false')\r\n      ),\r\n    ' }',\r\n  '\r\n}'\r\n)"
              }
            },
            "Select_PRODUCT_Filter": {
              "runAfter": {
                "Select_RawJSON": [
                  "Succeeded"
                ]
              },
              "metadata": {
                "operationMetadataId": "363165bb-9d2c-4a1c-af89-f062c8d72e83"
              },
              "type": "Select",
              "inputs": {
                "from": "@body('Select_RawJSON')",
                "select": "@json(slice(string(intersection(array(slice(concat('{',concat(\r\n  '\"', item()?['skuCode'], '\": {\r\n',\r\n    '  \"sku\": \"', coalesce(item()?['skuCode'], ''), '\", ',\r\n    '  \"segment\": \"', coalesce(item()?['generalInformation']?['segment']?['value'], ''), '\", ',\r\n    '  \"line\": \"', coalesce(item()?['generalInformation']?['line']?['value'], ''), '\", ',\r\n    '  \"productName\": \"', coalesce(item()?['generalInformation']?['productName'], item()?['generalInformation']?['erpProductName']), '\", ',\r\n    '  \"productImage\": \"', coalesce(item()?['generalInformation']?['imageUrl']?['url'], 'null'), '\", ',\r\n    '  \"topNote\": ', coalesce(item()?['marketingInformation']?['topNotes'], 'null'), ', ',\r\n    '  \"heatNote\": ', coalesce(item()?['marketingInformation']?['middleNotes'], 'null'), ', ',\r\n    '  \"baseNote\": ', coalesce(item()?['marketingInformation']?['baseNotes'], 'null'), ', ',\r\n    '  \"inciList\": ', coalesce(item()?['scientificInformation']?['inciList'], 'null'), ', ',\r\n    '  \"formula\": \"', coalesce(item()?['scientificInformation']?['formula']?['code'], 'null'), '\", ',\r\n    '  \"formulatedWithout\": ', coalesce(item()?['scientificInformation']?['formulatedWithout'], 'null'), ', ',\r\n    '  \"featureIngredient\": ', coalesce(item()?['marketingInformation']?['featuredIngredient'], 'null'), ', ',\r\n    '  \"createdDate\": \"', coalesce(item()?['pimTechnical']?['createdDate'], 'null'), '\", ',\r\n    '  \"modifiedDate\": \"', coalesce(item()?['pimTechnical']?['modifiedDate'], 'null'), '\", ',\r\n    '  \"isVirtualKit\": ', if(or(equals(item()?['localSkuInformation']?['isVirtualKit'], 'true'), equals(item()?['localSkuInformation']?['isVirtualKit'], true)), 'true', 'false'), ', ',\r\n    '  \"productType\": { ',\r\n      concat(\r\n        '\"item\": ', if(equals(item()?['productTypes']?['item'], true), 'true', 'false'), ', ',\r\n        '\"variant\": ', if(equals(item()?['productTypes']?['variant'], true), 'true', 'false'), ', ',\r\n        '\"bundle\": ', if(equals(item()?['productTypes']?['bundle'], true), 'true', 'false'), ', ',\r\n        '\"bundled\": ', if(equals(item()?['productTypes']?['bundled'], true), 'true', 'false'), ', ',\r\n        '\"master_code\": ', if(equals(item()?['productTypes']?['master_code'], true), 'true', 'false')\r\n      ),\r\n    ' }',\r\n  '\r\n}'\r\n),'}'),1,-1)),array(slice(concat('{',concat(\r\n  '\"', item()?['skuCode'], '\": {\r\n',\r\n    '  \"sku\": \"', coalesce(item()?['skuCode'], ''), '\", ',\r\n    '  \"segment\": \"', coalesce(item()?['generalInformation']?['segment']?['value'], ''), '\", ',\r\n    '  \"line\": \"', coalesce(item()?['generalInformation']?['line']?['value'], ''), '\", ',\r\n    '  \"productName\": \"', coalesce(item()?['generalInformation']?['productName'], item()?['generalInformation']?['erpProductName']), '\", ',\r\n    '  \"productImage\": \"', coalesce(item()?['generalInformation']?['imageUrl']?['url'], 'null'), '\", ',\r\n    '  \"topNote\": ', coalesce(item()?['marketingInformation']?['topNotes'], 'null'), ', ',\r\n    '  \"heatNote\": ', coalesce(item()?['marketingInformation']?['middleNotes'], 'null'), ', ',\r\n    '  \"baseNote\": ', coalesce(item()?['marketingInformation']?['baseNotes'], 'null'), ', ',\r\n    '  \"inciList\": ', coalesce(item()?['scientificInformation']?['inciList'], 'null'), ', ',\r\n    '  \"formula\": \"', coalesce(item()?['scientificInformation']?['formula']?['code'], 'null'), '\", ',\r\n    '  \"formulatedWithout\": ', coalesce(item()?['scientificInformation']?['formulatedWithout'], 'null'), ', ',\r\n    '  \"featureIngredient\": ', coalesce(item()?['marketingInformation']?['featuredIngredient'], 'null'), ', ',\r\n    '  \"createdDate\": \"', coalesce(item()?['pimTechnical']?['createdDate'], 'null'), '\", ',\r\n    '  \"modifiedDate\": \"', coalesce(item()?['pimTechnical']?['modifiedDate'], 'null'), '\", ',\r\n    '  \"isVirtualKit\": ', if(or(equals(item()?['localSkuInformation']?['isVirtualKit'], 'true'), equals(item()?['localSkuInformation']?['isVirtualKit'], true)), 'true', 'false'), ', ',\r\n    '  \"productType\": { ',\r\n      concat(\r\n        '\"item\": ', if(equals(item()?['productTypes']?['item'], true), 'true', 'false'), ', ',\r\n        '\"variant\": ', if(equals(item()?['productTypes']?['variant'], true), 'true', 'false'), ', ',\r\n        '\"bundle\": ', if(equals(item()?['productTypes']?['bundle'], true), 'true', 'false'), ', ',\r\n        '\"bundled\": ', if(equals(item()?['productTypes']?['bundled'], true), 'true', 'false'), ', ',\r\n        '\"master_code\": ', if(equals(item()?['productTypes']?['master_code'], true), 'true', 'false')\r\n      ),\r\n    ' }',\r\n  '\r\n}'\r\n),'}'),1,-1)))),1,-1))"
              }
            },
            "Select_MASTER_CODE_Filter": {
              "runAfter": {
                "Select_RawJSON_MASTER_CODE": [
                  "Succeeded"
                ]
              },
              "metadata": {
                "operationMetadataId": "878ac255-a433-418d-ae72-1b4f2a8719ed"
              },
              "type": "Select",
              "inputs": {
                "from": "@body('Select_RawJSON_MASTER_CODE')",
                "select": "@concat(\r\n  '\"', item()?['skuCode'], '\": {\r\n',\r\n    '  \"sku\": \"', coalesce(item()?['skuCode'], ''), '\", ',\r\n    '  \"segment\": \"', coalesce(item()?['generalInformation']?['segment']?['value'], ''), '\", ',\r\n    '  \"line\": \"', coalesce(item()?['generalInformation']?['line']?['value'], ''), '\", ',\r\n    '  \"productName\": \"', coalesce(item()?['generalInformation']?['productName'], item()?['generalInformation']?['erpProductName']), '\", ',\r\n    '  \"productImage\": \"', coalesce(item()?['generalInformation']?['imageUrl']?['url'], 'null'), '\", ',\r\n    '  \"topNote\": ', coalesce(item()?['marketingInformation']?['topNotes'], 'null'), ', ',\r\n    '  \"heatNote\": ', coalesce(item()?['marketingInformation']?['middleNotes'], 'null'), ', ',\r\n    '  \"baseNote\": ', coalesce(item()?['marketingInformation']?['baseNotes'], 'null'), ', ',\r\n    '  \"inciList\": ', coalesce(item()?['scientificInformation']?['inciList'], 'null'), ', ',\r\n    '  \"formula\": \"', coalesce(item()?['scientificInformation']?['formula']?['code'], 'null'), '\", ',\r\n    '  \"formulatedWithout\": ', coalesce(item()?['scientificInformation']?['formulatedWithout'], 'null'), ', ',\r\n    '  \"featureIngredient\": ', coalesce(item()?['marketingInformation']?['featuredIngredient'], 'null'), ', ',\r\n    '  \"createdDate\": \"', coalesce(item()?['pimTechnical']?['createdDate'], 'null'), '\", ',\r\n    '  \"modifiedDate\": \"', coalesce(item()?['pimTechnical']?['modifiedDate'], 'null'), '\", ',\r\n    '  \"isVirtualKit\": ', if(or(equals(item()?['localSkuInformation']?['isVirtualKit'], 'true'), equals(item()?['localSkuInformation']?['isVirtualKit'], true)), 'true', 'false'), ', ',\r\n    '  \"productType\": { ',\r\n      concat(\r\n        '\"item\": ', if(equals(item()?['productTypes']?['item'], true), 'true', 'false'), ', ',\r\n        '\"variant\": ', if(equals(item()?['productTypes']?['variant'], true), 'true', 'false'), ', ',\r\n        '\"bundle\": ', if(equals(item()?['productTypes']?['bundle'], true), 'true', 'false'), ', ',\r\n        '\"bundled\": ', if(equals(item()?['productTypes']?['bundled'], true), 'true', 'false'), ', ',\r\n        '\"master_code\": ', if(equals(item()?['productTypes']?['master_code'], true), 'true', 'false')\r\n      ),\r\n    ' }',\r\n  '\r\n}'\r\n)"
              }
            },
            "Union_Split_Filters": {
              "runAfter": {
                "Select_PRODUCT_Filter": [
                  "Succeeded"
                ],
                "Select_MASTER_CODE_Filter": [
                  "Succeeded"
                ],
                "Select_KIT_Filter": [
                  "Succeeded"
                ]
              },
              "metadata": {
                "operationMetadataId": "1cbfe13e-bfb2-45ba-aa81-9d94ada6373d"
              },
              "type": "Compose",
              "inputs": "@array(union(body('Select_PRODUCT_Filter'),body('Select_MASTER_CODE_Filter'),body('Select_KIT_Filter')))"
            },
            "Select_Main_DB_Filter": {
              "metadata": {
                "operationMetadataId": "53b46378-f677-41ec-8b9b-d10ff6cbb765"
              },
              "type": "Select",
              "inputs": {
                "from": "@body('Filter_RecentModified')",
                "select": {
                  "occt_producttype": "@item()?['occt_producttype']",
                  "occt_rawproductjson": "@string(removeProperty(json(item()?['occt_rawproductjson']),'productReferences'))",
                  "occt_skucheckcol": "@item()?['occt_skucheckcol']"
                }
              }
            },
            "Select_RawJSON": {
              "runAfter": {
                "Filter_for_PRODUCT": [
                  "Succeeded"
                ]
              },
              "metadata": {
                "operationMetadataId": "1d05a435-060c-49fb-8af8-39539f15f767"
              },
              "type": "Select",
              "inputs": {
                "from": "@body('Filter_for_PRODUCT')",
                "select": "@json(item()?['occt_rawproductjson'])"
              }
            },
            "Select_RawJSON_KIT": {
              "runAfter": {
                "Filter_for_KIT": [
                  "Succeeded"
                ]
              },
              "metadata": {
                "operationMetadataId": "af7ad57f-d07d-46e2-8ca2-95570b780b83"
              },
              "type": "Select",
              "inputs": {
                "from": "@body('Filter_for_KIT')",
                "select": "@json(item()?['occt_rawproductjson'])"
              }
            },
            "Select_RawJSON_MASTER_CODE": {
              "runAfter": {
                "Filter_for_MASTER_CODE": [
                  "Succeeded"
                ]
              },
              "metadata": {
                "operationMetadataId": "427f12c7-ecdd-45f3-b5cb-5b887942a513"
              },
              "type": "Select",
              "inputs": {
                "from": "@body('Filter_for_MASTER_CODE')",
                "select": "@json(item()?['occt_rawproductjson'])"
              }
            }
          },
          "runAfter": {
            "Filter_RecentModified": [
              "Succeeded"
            ]
          },
          "metadata": {
            "operationMetadataId": "762aeab2-daca-49ca-81d8-ce189990c6dc"
          },
          "type": "Scope"
        },
        "localValue": {
          "runAfter": {
            "Initialize_variable_SFCCSkus": [
              "Succeeded"
            ]
          },
          "metadata": {
            "operationMetadataId": "d91157b7-7ad3-4067-850b-974a52a1b00b"
          },
          "type": "Compose",
          "inputs": "@triggerBody()?['text']"
        },
        "Distinct_Formula_featuredIng": {
          "runAfter": {
            "Select_Formula_Attributes": [
              "Succeeded"
            ]
          },
          "metadata": {
            "operationMetadataId": "a017ef56-a27f-490b-927b-463132dbbb6c"
          },
          "type": "Select",
          "inputs": {
            "from": "@body('Select_Formula_Attributes')",
            "select": "@if(empty(json(item()?['featuredIngredients'])),'', removeProperty(json(item()?['featuredIngredients']),'Index'))"
          }
        },
        "Distinct_Formula_mergedNotes": {
          "runAfter": {
            "Select_Formula_Attributes": [
              "Succeeded"
            ]
          },
          "metadata": {
            "operationMetadataId": "358bf9da-bfb7-4504-9521-b872ca14bd49"
          },
          "type": "Select",
          "inputs": {
            "from": "@body('Select_Formula_Attributes')",
            "select": "@slice(string(item()?['mergedNotes']),1,-1)"
          }
        },
        "Compose_Distinct_Union_Notes": {
          "runAfter": {
            "Distinct_Formula_mergedNotes": [
              "Succeeded"
            ]
          },
          "metadata": {
            "operationMetadataId": "60204512-ab8f-45ba-87a7-0157496f756c"
          },
          "type": "Compose",
          "inputs": "@split(replace(replace(slice(string(union(split(join(body('Distinct_Formula_mergedNotes'),','),','),split(join(body('Distinct_Formula_mergedNotes'),','),','))),1,-1),'\"\\\"',''),'\\\"\"',''),',')"
        },
        "Compose_Distinct_Union_featuredIng": {
          "runAfter": {
            "Distinct_Formula_featuredIng": [
              "Succeeded"
            ]
          },
          "metadata": {
            "operationMetadataId": "93501ff3-770d-43ff-868a-ded8d89ce246"
          },
          "type": "Compose",
          "inputs": "@union(body('Distinct_Formula_featuredIng'),body('Distinct_Formula_featuredIng'))"
        },
        "XML_Formula_Attributes": {
          "runAfter": {
            "Filter_array": [
              "Succeeded"
            ]
          },
          "metadata": {
            "operationMetadataId": "81efd9f3-ada8-428d-8f84-99e2d44db667"
          },
          "type": "Compose",
          "inputs": "@xml(addProperty(json('{}'),'root',addProperty(json('{}'),'values',json(replace(string(body('Filter_array')),'@','at_')))))"
        },
        "ResponseBodyFormattedCompose": {
          "runAfter": {
            "Select_-_Products": [
              "Succeeded"
            ],
            "Filter_featureIng": [
              "Succeeded"
            ],
            "Filter_notes": [
              "Succeeded"
            ]
          },
          "metadata": {
            "operationMetadataId": "e0da6df9-8454-408a-91e6-ebda5e735a49"
          },
          "type": "Compose",
          "inputs": "@json(string(concat('{',\r\n    '\"responseBody\": {',    \r\n    '\"featureIngredients\": ', union(body('Filter_featureIng'),outputs('Compose_-_Distinct_FeatureIngredients')), ',',\r\n    '\"fragrances\": ', union(body('Filter_notes'),outputs('Compose_-_Distinct_Notes')), ',',\r\n    '\"products\": ', body('Select_-_Products'), ',',    \r\n    '}'\r\n, '}')))"
        },
        "Parse_JSON": {
          "runAfter": {
            "ResponseBodyFormattedCompose": [
              "Succeeded"
            ]
          },
          "metadata": {
            "operationMetadataId": "40d9c657-1e47-4b7c-9e9b-f6485acaa17f"
          },
          "type": "ParseJson",
          "inputs": {
            "content": "@outputs('ResponseBodyFormattedCompose')?['responseBody']",
            "schema": {
              "type": "object",
              "required": [
                "products"
              ],
              "properties": {
                "featureIngredients": {
                  "type": "array",
                  "items": {
                    "anyOf": [
                      {
                        "type": [
                          "string",
                          "null"
                        ]
                      },
                      {
                        "type": "object",
                        "properties": {
                          "code": {
                            "anyOf": [
                              {
                                "type": "array",
                                "items": {
                                  "type": "string"
                                }
                              },
                              {
                                "type": "string"
                              }
                            ]
                          },
                          "name": {
                            "anyOf": [
                              {
                                "type": [
                                  "null",
                                  "string"
                                ]
                              },
                              {
                                "type": "array",
                                "items": {
                                  "type": "string"
                                }
                              }
                            ]
                          },
                          "function": {
                            "anyOf": [
                              {
                                "type": [
                                  "null",
                                  "string"
                                ]
                              },
                              {
                                "type": "array",
                                "items": {
                                  "type": "string"
                                }
                              }
                            ]
                          }
                        },
                        "required": [
                          "code"
                        ]
                      }
                    ]
                  }
                },
                "fragrances": {
                  "type": "array",
                  "items": {
                    "type": [
                      "null",
                      "string"
                    ]
                  }
                },
                "products": {
                  "type": "array",
                  "items": {
                    "type": "object",
                    "properties": {
                      "sku": {
                        "type": "string"
                      },
                      "productName": {
                        "type": [
                          "null",
                          "string"
                        ]
                      },
                      "productImage": {
                        "type": [
                          "null",
                          "string"
                        ]
                      },
                      "line": {
                        "type": [
                          "null",
                          "string"
                        ]
                      },
                      "segment": {
                        "type": [
                          "null",
                          "string"
                        ]
                      },
                      "modifiedDate": {
                        "type": "string"
                      },
                      "isVirtualKit": {
                        "type": "boolean"
                      },
                      "productType": {
                        "type": "object",
                        "properties": {
                          "item": {
                            "type": "boolean"
                          },
                          "variant": {
                            "type": "boolean"
                          },
                          "bundle": {
                            "type": "boolean"
                          },
                          "bundled": {
                            "type": "boolean"
                          },
                          "master_code": {
                            "type": "boolean"
                          }
                        },
                        "required": [
                          "bundle",
                          "bundled",
                          "item",
                          "master_code",
                          "variant"
                        ]
                      },
                      "createdDate": {
                        "type": "string"
                      }
                    },
                    "required": [
                      "createdDate",
                      "isVirtualKit",
                      "line",
                      "modifiedDate",
                      "productImage",
                      "productName",
                      "productType",
                      "segment",
                      "sku"
                    ]
                  }
                }
              }
            }
          }
        },
        "Filter_featureIng": {
          "runAfter": {
            "Compose_Distinct_Union_featuredIng": [
              "Succeeded"
            ]
          },
          "metadata": {
            "operationMetadataId": "384c69f9-adbe-49be-b458-d27c3c32c6e3"
          },
          "type": "Query",
          "inputs": {
            "from": "@outputs('Compose_Distinct_Union_featuredIng')",
            "where": "@equals(or(empty(item()), equals(item()?['code'], null)), false)"
          }
        },
        "Filter_notes": {
          "runAfter": {
            "Compose_Distinct_Union_Notes": [
              "Succeeded"
            ]
          },
          "metadata": {
            "operationMetadataId": "ca812e79-313a-4c8d-bcd4-e2c793e65179"
          },
          "type": "Query",
          "inputs": {
            "from": "@outputs('Compose_Distinct_Union_Notes')",
            "where": "@equals(empty(item()),false)"
          }
        },
        "Filter_AttrList": {
          "runAfter": {
            "GetAttrList": [
              "Succeeded"
            ]
          },
          "metadata": {
            "operationMetadataId": "61e46892-2497-4189-853d-3804248be65a"
          },
          "type": "Query",
          "inputs": {
            "from": "@outputs('GetAttrList')?['body/value']",
            "where": "@equals(empty(item()?['occt_rawproductjson']),false)"
          }
        },
        "Filter_RecentModified": {
          "runAfter": {
            "GetRecentModifiedProd": [
              "Succeeded"
            ]
          },
          "metadata": {
            "operationMetadataId": "6b5fb66c-6ead-40f4-aa80-e414e845356d"
          },
          "type": "Query",
          "inputs": {
            "from": "@outputs('GetRecentModifiedProd')?['body/value']",
            "where": "@equals(empty(item()?['occt_rawproductjson']),false)"
          }
        },
        "TotalPagesXpath": {
          "runAfter": {
            "HTTP_Get_total_product_value": [
              "Succeeded"
            ]
          },
          "type": "Compose",
          "inputs": "@int(xpath(xml(json(concat('{\"Root\":',string(div(float(body('HTTP_Get_total_product_value')?['total']),200)),'}'))),'ceiling(.)'))"
        }
      },
      "outputs": {}
    },
    "templateName": null
  },
  "schemaVersion": "1.0.0.0"
}