{
  "properties": {
    "connectionReferences": {},
    "definition": {
      "$schema": "https://schema.management.azure.com/providers/Microsoft.Logic/schemas/2016-06-01/workflowdefinition.json#",
      "contentVersion": "1.0.0.0",
      "parameters": {
        "$authentication": {
          "defaultValue": {},
          "type": "SecureObject"
        },
        "varPIMApiKey (occt_varPIMApiKey)": {
          "defaultValue": "ee507f24-f6bd-4e3d-88ba-a0bcbe326671",
          "type": "String",
          "metadata": {
            "schemaName": "occt_varPIMApiKey"
          }
        },
        "varPIMApiEndPoint (occt_PIMApiEndPoint)": {
          "defaultValue": "https://loccitaneeutest.gateway.webmethodscloud.de/gateway/PIM_Products/1.0/",
          "type": "String",
          "metadata": {
            "schemaName": "occt_PIMApiEndPoint"
          }
        },
        "varSFCCAllProductEndpoint (occt_varSFCCAllProductEndpoint)": {
          "defaultValue": "https://devna.loccitane.com/s/-/dw/data/v21_10/product_search",
          "type": "String",
          "metadata": {
            "schemaName": "occt_varSFCCAllProductEndpoint"
          }
        }
      },
      "triggers": {
        "manual": {
          "metadata": {
            "operationMetadataId": "a49dbdac-c3a4-4b20-b43b-3415d892c3d4"
          },
          "type": "Request",
          "kind": "PowerAppV2",
          "inputs": {
            "schema": {
              "type": "object",
              "properties": {
                "text": {
                  "title": "locale",
                  "type": "string",
                  "x-ms-dynamically-added": true,
                  "description": "Tapez votre entrée",
                  "x-ms-content-hint": "TEXT"
                }
              },
              "required": []
            }
          }
        }
      },
      "actions": {
        "HTTP_Get_product_information": {
          "runAfter": {
            "Run_a_Child_Flow": [
              "Succeeded"
            ]
          },
          "metadata": {
            "operationMetadataId": "ea792d0c-fb2b-451e-8426-10a68df768df"
          },
          "type": "Http",
          "inputs": {
            "method": "GET",
            "uri": "@parameters('varPIMApiEndPoint (occt_PIMApiEndPoint)')",
            "headers": {
              "X-Gateway-APIKEY": "@parameters('varPIMApiKey (occt_varPIMApiKey)')"
            },
            "queries": {
              "locale": "@triggerBody()['text']"
            }
          }
        },
        "Selecting_Attributes": {
          "runAfter": {
            "HTTP_Get_product_information": [
              "Succeeded"
            ]
          },
          "metadata": {
            "operationMetadataId": "a92b1fd6-051e-434e-b710-d8114011e826"
          },
          "type": "Select",
          "inputs": {
            "from": "@body('HTTP_Get_product_information')?['results']",
            "select": {
              "sku": "@item()?['skuCode']",
              "segment": "@item()?['generalInformation']?['segment']?['value']",
              "line": "@item()?['generalInformation']?['line']?['value']",
              "productName": "@coalesce(item()?['generalInformation']?['productName'], item()?['generalInformation']?['erpProductName'])",
              "productImage": "@item()?['generalInformation']?['imageUrl']?['url']"
            }
          }
        },
        "HTTP_Get_total_product_value": {
          "runAfter": {
            "Run_a_Child_Flow": [
              "Succeeded"
            ]
          },
          "metadata": {
            "operationMetadataId": "7b6d3450-38c5-4906-9595-7d580be495d3"
          },
          "type": "Http",
          "inputs": {
            "method": "POST",
            "uri": "@parameters('varSFCCAllProductEndpoint (occt_varSFCCAllProductEndpoint)')",
            "headers": {
              "Authorization": "Bearer @{body('Run_a_Child_Flow')?['accesstoken']}"
            },
            "body": {
              "query": {
                "match_all_query": {}
              },
              "expand": [
                "all"
              ],
              "select": "(**,hits.(id))",
              "sorts": [
                {
                  "field": "name",
                  "sort_order": "desc"
                }
              ],
              "count": 200,
              "start": 0
            }
          }
        },
        "Run_a_Child_Flow": {
          "runAfter": {
            "localValue": [
              "Succeeded"
            ]
          },
          "metadata": {
            "operationMetadataId": "9ab4ad74-482e-4f10-986b-23789710a583"
          },
          "type": "Workflow",
          "inputs": {
            "host": {
              "workflowReferenceName": "4aeec937-8f34-ef11-8409-6045bdd4ccb0"
            }
          }
        },
        "Total_pages": {
          "runAfter": {
            "HTTP_Get_total_product_value": [
              "Succeeded"
            ]
          },
          "metadata": {
            "operationMetadataId": "40519176-21c9-4048-919e-404054376a6c"
          },
          "type": "Compose",
          "inputs": "@range(\r\n    0,\r\n    add(div(body('HTTP_Get_total_product_value')?['total'],200),sub(1,mod(div(body('HTTP_Get_total_product_value')?['total'],200),1)))\r\n)"
        },
        "For_each_page": {
          "foreach": "@outputs('Total_pages')",
          "actions": {
            "HTTP_Start": {
              "runAfter": {},
              "metadata": {
                "operationMetadataId": "388ab909-ba6d-425d-b28f-5d5edd24e4fe"
              },
              "type": "Compose",
              "inputs": "@mul(item(), 200)"
            },
            "HTTP_Get_all_product_from_SFCC": {
              "runAfter": {
                "HTTP_Start": [
                  "Succeeded"
                ]
              },
              "metadata": {
                "operationMetadataId": "7b6d3450-38c5-4906-9595-7d580be495d3"
              },
              "type": "Http",
              "inputs": {
                "method": "POST",
                "uri": "@parameters('varSFCCAllProductEndpoint (occt_varSFCCAllProductEndpoint)')",
                "headers": {
                  "Authorization": "Bearer @{body('Run_a_Child_Flow')?['accesstoken']}"
                },
                "body": {
                  "query": {
                    "match_all_query": {}
                  },
                  "expand": [
                    "all"
                  ],
                  "select": "(**,hits.(id,name,c_OCC_featuredIngredientAsset1,c_OCC_featuredIngredientAsset2,c_OCC_featuredIngredientAsset3,c_OCC_featuredIngredientAsset4,c_OCC_featuredIngredientAsset5,c_OCC_perfumeryTopNote,c_OCC_perfumeryHeartNote,c_OCC_perfumeryBaseNote,c_OCC_collection,c_OCC_productType,image))",
                  "sorts": [
                    {
                      "field": "name",
                      "sort_order": "desc"
                    }
                  ],
                  "count": 200,
                  "start": "@outputs('HTTP_Start')"
                }
              }
            },
            "SelectSkusAndName": {
              "runAfter": {
                "HTTP_Get_all_product_from_SFCC": [
                  "Succeeded"
                ]
              },
              "metadata": {
                "operationMetadataId": "bfb7deb0-3d44-44f0-9c58-b7e3feb5ccb5"
              },
              "type": "Select",
              "inputs": {
                "from": "@body('HTTP_Get_all_product_from_SFCC')?['hits']",
                "select": {
                  "sku": "@item()?['id']",
                  "sfccName": "@item()?['name']?[triggerBody()?['text']]",
                  "productImage": "@item()?['image']?['dis_base_url']",
                  "sfccline": "@item()?['c_OCC_collection']?[triggerBody()?['text']]",
                  "sfccsegment": "@item()?['c_OCC_productType']?[triggerBody()?['text']]"
                }
              }
            },
            "Append_to_array_variable": {
              "runAfter": {
                "SelectSkusAndName": [
                  "Succeeded"
                ]
              },
              "metadata": {
                "operationMetadataId": "dc3d8406-73e9-4636-a5af-3ea435eda228"
              },
              "type": "AppendToArrayVariable",
              "inputs": {
                "name": "varResult",
                "value": {
                  "page": "@{items('For_each_page')}",
                  "data": "@body('SelectSkusAndName')"
                }
              }
            }
          },
          "runAfter": {
            "Total_pages": [
              "Succeeded"
            ]
          },
          "metadata": {
            "operationMetadataId": "60453f2c-41b8-469a-a937-16c7824f96c2"
          },
          "type": "Foreach",
          "runtimeConfiguration": {
            "concurrency": {
              "repetitions": 50
            }
          }
        },
        "Initialize_variable_varResult": {
          "runAfter": {},
          "metadata": {
            "operationMetadataId": "7dee7162-f8f8-4b4f-b999-c7f963c1ed5f"
          },
          "type": "InitializeVariable",
          "inputs": {
            "variables": [
              {
                "name": "varResult",
                "type": "array"
              }
            ]
          }
        },
        "Select": {
          "runAfter": {
            "For_each_page": [
              "Succeeded"
            ],
            "Selecting_Attributes": [
              "Succeeded"
            ]
          },
          "metadata": {
            "operationMetadataId": "5079b241-8b39-4c32-a46d-851e79b538ae"
          },
          "type": "Select",
          "inputs": {
            "from": "@variables('varResult')",
            "select": "@substring(\r\n    string(item()?['data']),\r\n    1,\r\n    sub(length(string(item()?['data'])),2)\r\n)"
          }
        },
        "SFCCCatalog": {
          "runAfter": {
            "Select": [
              "Succeeded"
            ]
          },
          "metadata": {
            "operationMetadataId": "3a63525f-bef0-431b-97d4-e317a5dcb5cc"
          },
          "type": "Compose",
          "inputs": "@sort(json(concat('[',join(body('Select'),','),']')),'sku')"
        },
        "Réponse": {
          "runAfter": {
            "MergeCatalog": [
              "Succeeded"
            ]
          },
          "metadata": {
            "operationMetadataId": "00c09099-227c-4348-9c0e-d388031ce2eb"
          },
          "type": "Response",
          "kind": "Http",
          "inputs": {
            "statusCode": 200,
            "body": "@outputs('MergeCatalog')",
            "schema": {
              "type": "array",
              "items": {
                "type": "object",
                "properties": {
                  "sku": {
                    "type": "string"
                  },
                  "productName": {
                    "type": "string"
                  },
                  "line": {
                    "type": "string"
                  },
                  "segment": {
                    "type": "string"
                  },
                  "sfccsegment": {
                    "type": "array",
                    "items": {
                      "type": "string"
                    }
                  },
                  "sfccline": {
                    "type": "array",
                    "items": {
                      "type": "string"
                    }
                  },
                  "productImage": {
                    "type": "string"
                  },
                  "sfccName": {
                    "type": "string"
                  }
                },
                "required": [
                  "sku",
                  "productName",
                  "sfccName"
                ]
              }
            }
          }
        },
        "MergeCatalog": {
          "runAfter": {
            "SFCCCatalog": [
              "Succeeded"
            ]
          },
          "metadata": {
            "operationMetadataId": "b311c8e0-983f-4aa7-a511-aa57b88a752d"
          },
          "type": "Compose",
          "inputs": "@union(outputs('SFCCCatalog'),body('Selecting_Attributes'))"
        },
        "localValue": {
          "runAfter": {
            "Initialize_variable_varResult": [
              "Succeeded"
            ]
          },
          "metadata": {
            "operationMetadataId": "d91157b7-7ad3-4067-850b-974a52a1b00b"
          },
          "type": "Compose",
          "inputs": "@triggerBody()?['text']"
        }
      },
      "outputs": {}
    },
    "templateName": ""
  },
  "schemaVersion": "1.0.0.0"
}