{
  "properties": {
    "connectionReferences": {},
    "definition": {
      "$schema": "https://schema.management.azure.com/providers/Microsoft.Logic/schemas/2016-06-01/workflowdefinition.json#",
      "contentVersion": "1.0.0.0",
      "parameters": {
        "$authentication": {
          "defaultValue": {},
          "type": "SecureObject"
        },
        "varPIMApiKey (occt_varPIMApiKey)": {
          "defaultValue": "ee507f24-f6bd-4e3d-88ba-a0bcbe326671",
          "type": "String",
          "metadata": {
            "schemaName": "occt_varPIMApiKey"
          }
        },
        "varPIMApiEndPoint (occt_PIMApiEndPoint)": {
          "defaultValue": "https://loccitaneeutest.gateway.webmethodscloud.de/gateway/PIM_Products/1.0/",
          "type": "String",
          "metadata": {
            "schemaName": "occt_PIMApiEndPoint"
          }
        }
      },
      "triggers": {
        "manual": {
          "metadata": {
            "operationMetadataId": "c2a7b796-939c-4c7d-8e65-1a49130161fd"
          },
          "type": "Request",
          "kind": "PowerAppV2",
          "inputs": {
            "schema": {
              "type": "object",
              "properties": {
                "text": {
                  "title": "Productsku",
                  "type": "string",
                  "x-ms-dynamically-added": true,
                  "description": "Tapez votre entrée",
                  "x-ms-content-hint": "TEXT"
                },
                "text_1": {
                  "title": "local",
                  "type": "string",
                  "x-ms-dynamically-added": true,
                  "description": "Tapez votre entrée",
                  "x-ms-content-hint": "TEXT"
                },
                "text_2": {
                  "title": "country",
                  "type": "string",
                  "x-ms-dynamically-added": true,
                  "description": "Tapez votre entrée",
                  "x-ms-content-hint": "TEXT"
                }
              },
              "required": [
                "text",
                "text_1",
                "text_2"
              ]
            }
          }
        }
      },
      "actions": {
        "HTTP_Get_product_information": {
          "runAfter": {
            "Initialiser_la_variablegblTabProducts": [
              "Succeeded"
            ]
          },
          "metadata": {
            "operationMetadataId": "ea792d0c-fb2b-451e-8426-10a68df768df"
          },
          "type": "Http",
          "inputs": {
            "method": "GET",
            "uri": "@{parameters('varPIMApiEndPoint (occt_PIMApiEndPoint)')}@{triggerBody()['text']}",
            "headers": {
              "X-Gateway-APIKEY": "@parameters('varPIMApiKey (occt_varPIMApiKey)')"
            },
            "queries": {
              "locale": "@triggerBody()['text_1']",
              "country": "@{coalesce(triggerBody()['text_2'], '')}"
            }
          }
        },
        "Selecting_Product_attributes": {
          "runAfter": {
            "Ajouter_à_la_variable_de_tableaugblTabProducts": [
              "Succeeded"
            ]
          },
          "metadata": {
            "operationMetadataId": "33b6a211-a3e7-4e82-873e-6eb7143de5ed"
          },
          "type": "Select",
          "inputs": {
            "from": "@variables('gblTabProducts')",
            "select": {
              "formulatedWithout": "@item()?['scientificInformation']?['formulatedWithout']",
              "attentionCatcher": "@item()?['marketingInformation']?['attentionCatcher']",
              "howToUse": "@item()?['digitalInformation']?['applicationArea']",
              "description": "@item()?['digitalInformation']?['formattedDescription']",
              "productImage": "@item()?['generalInformation']?['imageUrl']?['url']",
              "productName": "@coalesce(item()?['generalInformation']?['productName'], item()?['generalInformation']?['erpProductName'])",
              "skuCode": "@item()?['skuCode']",
              "pimCurrentStatus": "@item()?['pimTechnical']?['currentStatus']",
              "proTips": "@item()?['digitalInformation']?['applicationArea']",
              "featuredIngredient": "@item()?['marketingInformation']?['featuredIngredient']"
            }
          }
        },
        "Initialiser_la_variablegblTabProducts": {
          "runAfter": {},
          "metadata": {
            "operationMetadataId": "26a1709d-f7f0-4662-b46a-541bc701acda"
          },
          "type": "InitializeVariable",
          "inputs": {
            "variables": [
              {
                "name": "gblTabProducts",
                "type": "array"
              }
            ]
          }
        },
        "Ajouter_à_la_variable_de_tableaugblTabProducts": {
          "runAfter": {
            "HTTP_Get_product_information": [
              "Succeeded"
            ]
          },
          "metadata": {
            "operationMetadataId": "b45d72dc-bec4-490d-a8a2-d776215c8f0c"
          },
          "type": "AppendToArrayVariable",
          "inputs": {
            "name": "gblTabProducts",
            "value": "@body('HTTP_Get_product_information')"
          }
        },
        "Réponse": {
          "runAfter": {
            "Selecting_Product_attributes": [
              "Succeeded"
            ]
          },
          "metadata": {
            "operationMetadataId": "00c09099-227c-4348-9c0e-d388031ce2eb"
          },
          "type": "Response",
          "kind": "Http",
          "inputs": {
            "statusCode": 200,
            "body": "@body('Selecting_Product_attributes')",
            "schema": {
              "type": "array",
              "items": {
                "type": "object",
                "properties": {
                  "formulatedWithout": {
                    "type": "array",
                    "items": {
                      "type": "string"
                    }
                  },
                  "attentionCatcher": {
                    "type": "string"
                  },
                  "howToUse": {
                    "type": "string"
                  },
                  "description": {
                    "type": "string"
                  },
                  "productImage": {
                    "type": "string"
                  },
                  "productName": {
                    "type": "string"
                  },
                  "skuCode": {
                    "type": "string"
                  },
                  "pimCurrentStatus": {
                    "type": "string"
                  },
                  "proTips": {
                    "type": "string"
                  },
                  "featuredIngredient": {
                    "type": "array",
                    "items": {
                      "type": "object",
                      "properties": {
                        "code": {
                          "type": "string"
                        },
                        "function": {
                          "type": "string"
                        },
                        "name": {
                          "type": "string"
                        }
                      },
                      "required": [
                        "code",
                        "function",
                        "name"
                      ]
                    }
                  }
                },
                "required": [
                  "formulatedWithout",
                  "attentionCatcher",
                  "howToUse",
                  "description",
                  "productImage",
                  "productName",
                  "skuCode",
                  "pimCurrentStatus",
                  "proTips",
                  "featuredIngredient"
                ]
              }
            }
          }
        }
      },
      "outputs": {}
    },
    "templateName": ""
  },
  "schemaVersion": "1.0.0.0"
}