{
  "properties": {
    "connectionReferences": {},
    "definition": {
      "$schema": "https://schema.management.azure.com/providers/Microsoft.Logic/schemas/2016-06-01/workflowdefinition.json#",
      "contentVersion": "1.0.0.0",
      "parameters": {
        "$authentication": {
          "defaultValue": {},
          "type": "SecureObject"
        },
        "varPIMApiKey (occt_varPIMApiKey)": {
          "defaultValue": "90b00516-33b9-4107-a6db-d89ff3ed77ae",
          "type": "String",
          "metadata": {
            "schemaName": "occt_varPIMApiKey"
          }
        },
        "varSFCCApiEndpoint (occt_varSFCCApiEndpoint)": {
          "defaultValue": "https://devna.loccitane.com/s/-/dw/data/v21_10/products/",
          "type": "String",
          "metadata": {
            "schemaName": "occt_varSFCCApiEndpoint"
          }
        },
        "varPIMApiEndPoint (occt_PIMApiEndPoint)": {
          "defaultValue": "https://loccitaneeutest.gateway.webmethodscloud.de/gateway/PIM_Products/1.0/",
          "type": "String",
          "metadata": {
            "schemaName": "occt_PIMApiEndPoint"
          }
        },
        "varSFCCShopProductEndpoint (occt_varSFCCShopProductEndpoint)": {
          "defaultValue": "https://devna.loccitane.com/s/Sites-OCC_US-Site/dw/shop/v21_10/products/",
          "type": "String",
          "metadata": {
            "schemaName": "occt_varSFCCShopProductEndpoint"
          }
        }
      },
      "triggers": {
        "manual": {
          "metadata": {
            "operationMetadataId": "ce79a1b3-c2d1-43f9-b435-4b3504f9641c"
          },
          "type": "Request",
          "kind": "PowerAppV2",
          "inputs": {
            "schema": {
              "type": "object",
              "properties": {
                "text": {
                  "title": "sku",
                  "type": "string",
                  "x-ms-dynamically-added": true,
                  "description": "Please enter your input",
                  "x-ms-content-hint": "TEXT"
                },
                "text_1": {
                  "title": "local",
                  "type": "string",
                  "x-ms-dynamically-added": true,
                  "description": "Please enter your input",
                  "x-ms-content-hint": "TEXT"
                }
              },
              "required": [
                "text",
                "text_1"
              ]
            }
          }
        }
      },
      "actions": {
        "Run_a_Child_Flow": {
          "runAfter": {},
          "metadata": {
            "operationMetadataId": "9ab4ad74-482e-4f10-986b-23789710a583"
          },
          "type": "Workflow",
          "inputs": {
            "host": {
              "workflowReferenceName": "4aeec937-8f34-ef11-8409-6045bdd4ccb0"
            }
          }
        },
        "Locales": {
          "runAfter": {
            "Run_a_Child_Flow": [
              "Succeeded"
            ]
          },
          "metadata": {
            "operationMetadataId": "118accc0-da60-41e0-8031-5e8292d97ec7"
          },
          "type": "Compose",
          "inputs": [
            "default",
            "en-CA",
            "en-US",
            "fr-CA"
          ]
        },
        "Initialize_variable_Result": {
          "runAfter": {
            "Locales": [
              "Succeeded"
            ]
          },
          "metadata": {
            "operationMetadataId": "5dffa502-211a-4c28-985d-07f90bc2a6cc"
          },
          "type": "InitializeVariable",
          "inputs": {
            "variables": [
              {
                "name": "Result",
                "type": "array"
              }
            ]
          }
        },
        "Response": {
          "runAfter": {
            "Select": [
              "Succeeded"
            ]
          },
          "metadata": {
            "operationMetadataId": "d1b2bcbe-ccd0-4583-ab0d-5e4618e2e66a"
          },
          "type": "Response",
          "kind": "Http",
          "inputs": {
            "statusCode": 200,
            "body": "@body('Select')",
            "schema": {
              "type": "array",
              "items": {
                "type": "object",
                "properties": {
                  "name": {
                    "type": "string"
                  },
                  "longDescription": {
                    "type": "string"
                  },
                  "c_OCC_eyebrow": {
                    "type": "array",
                    "items": {
                      "type": "string"
                    }
                  },
                  "attentionCatcher": {
                    "type": "string"
                  },
                  "formulatedWithout": {
                    "type": "array",
                    "items": {
                      "type": "string"
                    }
                  },
                  "howToUse": {
                    "type": "string"
                  },
                  "proTips": {
                    "type": "string"
                  },
                  "skuCode": {
                    "type": "string"
                  },
                  "pageDescription": {
                    "type": "string"
                  },
                  "c_OCC_routineTitleDescription": {
                    "type": "string"
                  },
                  "c_OCC_routineProductsMainActions": {
                    "type": "array",
                    "items": {
                      "type": "string"
                    }
                  },
                  "c_OCC_routineProducts": {
                    "type": "array",
                    "items": {
                      "type": "string"
                    }
                  },
                  "c_OCC_routineDescription": {
                    "type": "string"
                  },
                  "c_OCC_testResultDescriptions": {
                    "type": "array",
                    "items": {
                      "type": "string"
                    }
                  },
                  "c_OCC_testResultDisclaimers": {
                    "type": "array",
                    "items": {
                      "type": "string"
                    }
                  },
                  "c_OCC_testResultValues": {
                    "type": "array",
                    "items": {
                      "type": "string"
                    }
                  },
                  "master": {
                    "type": "string"
                  },
                  "c_OCC_CallCenterDescription": {
                    "type": "string"
                  },
                  "c_OCC_departmentNumber": {
                    "type": "string"
                  },
                  "c_OCC_height": {
                    "type": "string"
                  },
                  "c_OCC_width": {
                    "type": "string"
                  },
                  "c_OCC_length": {
                    "type": "string"
                  },
                  "c_OCC_netWeight": {
                    "type": "string"
                  },
                  "c_OCC_grossWeight": {
                    "type": "string"
                  },
                  "brand": {
                    "type": "string"
                  },
                  "c_OCC_type": {
                    "type": "string"
                  },
                  "c_OCC_inci": {
                    "type": "string"
                  },
                  "OCC_featuredIngredientAsset1": {
                    "type": "string"
                  },
                  "OCC_featuredIngredientAsset2": {
                    "type": "string"
                  },
                  "OCC_featuredIngredientAsset3": {
                    "type": "string"
                  },
                  "OCC_featuredIngredientAsset4": {
                    "type": "string"
                  },
                  "OCC_featuredIngredientAsset5": {
                    "type": "string"
                  },
                  "c_OCC_perfumeryTopNote": {
                    "type": "array",
                    "items": {
                      "type": "string"
                    }
                  },
                  "c_OCC_perfumeryBaseNote": {
                    "type": "array",
                    "items": {
                      "type": "string"
                    }
                  },
                  "c_OCC_perfumeryHeartNote": {
                    "type": "array",
                    "items": {
                      "type": "string"
                    }
                  },
                  "c_OCC_collection": {
                    "type": "array",
                    "items": {
                      "type": "string"
                    }
                  },
                  "c_OCC_fragrance": {
                    "type": "array",
                    "items": {
                      "type": "string"
                    }
                  },
                  "c_OCC_texture": {
                    "type": "array",
                    "items": {
                      "type": "string"
                    }
                  },
                  "c_OCC_productType": {
                    "type": "array",
                    "items": {
                      "type": "string"
                    }
                  },
                  "c_OCC_concern": {
                    "type": "array",
                    "items": {
                      "type": "string"
                    }
                  },
                  "c_OCC_applicationArea": {
                    "type": "string"
                  },
                  "c_OCC_webBenefits": {
                    "type": "string"
                  },
                  "c_OCC_tagLine": {
                    "type": "string"
                  },
                  "ean": {
                    "type": "string"
                  },
                  "pimTechnical": {
                    "type": "string"
                  },
                  "productImage": {
                    "type": "string"
                  },
                  "page_title": {
                    "type": "string"
                  },
                  "IsProductType": {
                    "type": "string"
                  },
                  "IsVirtualKit": {
                    "type": "boolean"
                  },
                  "locale": {
                    "type": "string"
                  },
                  "type": {
                    "type": "object",
                    "properties": {
                      "bundle": {
                        "type": "boolean"
                      },
                      "bundled": {
                        "type": "boolean"
                      },
                      "item": {
                        "type": "boolean"
                      },
                      "master_code": {
                        "type": "boolean"
                      },
                      "variant": {
                        "type": "boolean"
                      }
                    }
                  },
                  "shortDescription": {
                    "type": "string"
                  },
                  "lastModified": {
                    "type": "string"
                  },
                  "createdDate": {
                    "type": "string"
                  },
                  "bundled_products": {
                    "type": "array",
                    "items": {
                      "type": "object",
                      "properties": {
                        "id": {
                          "type": "string"
                        },
                        "ean": {
                          "type": "string"
                        },
                        "name": {
                          "type": "string"
                        },
                        "quantity": {
                          "type": "string"
                        }
                      }
                    }
                  },
                  "c_OCC_bundleContent": {
                    "type": "string"
                  },
                  "c_OCC_bundleDescription": {
                    "type": "string"
                  },
                  "c_OCC_whatsInsideSectionVisible": {
                    "type": "boolean"
                  }
                },
                "required": [
                  "name",
                  "longDescription",
                  "c_OCC_eyebrow",
                  "attentionCatcher",
                  "formulatedWithout",
                  "howToUse",
                  "proTips",
                  "skuCode",
                  "pageDescription",
                  "c_OCC_routineTitleDescription",
                  "c_OCC_routineProductsMainActions",
                  "c_OCC_routineProducts",
                  "c_OCC_routineDescription",
                  "c_OCC_testResultDescriptions",
                  "c_OCC_testResultDisclaimers",
                  "c_OCC_testResultValues",
                  "master",
                  "c_OCC_CallCenterDescription",
                  "c_OCC_departmentNumber",
                  "c_OCC_height",
                  "c_OCC_width",
                  "c_OCC_length",
                  "c_OCC_netWeight",
                  "c_OCC_grossWeight",
                  "brand",
                  "c_OCC_type",
                  "c_OCC_inci",
                  "OCC_featuredIngredientAsset1",
                  "OCC_featuredIngredientAsset2",
                  "OCC_featuredIngredientAsset3",
                  "OCC_featuredIngredientAsset4",
                  "OCC_featuredIngredientAsset5",
                  "c_OCC_perfumeryTopNote",
                  "c_OCC_perfumeryHeartNote",
                  "c_OCC_perfumeryBaseNote",
                  "productImage",
                  "c_OCC_collection",
                  "c_OCC_fragrance",
                  "c_OCC_texture",
                  "c_OCC_productType",
                  "c_OCC_concern",
                  "c_OCC_applicationArea",
                  "c_OCC_webBenefits",
                  "c_OCC_tagLine",
                  "ean",
                  "pimTechnical",
                  "page_title",
                  "IsProductType",
                  "IsVirtualKit",
                  "locale",
                  "type",
                  "shortDescription",
                  "lastModified"
                ]
              }
            }
          }
        },
        "HTTP_Get_Product_FromPIM": {
          "runAfter": {
            "Initialize_variable_Result": [
              "Succeeded"
            ]
          },
          "metadata": {
            "operationMetadataId": "ea792d0c-fb2b-451e-8426-10a68df768df"
          },
          "type": "Http",
          "inputs": {
            "method": "GET",
            "uri": "@{parameters('varPIMApiEndPoint (occt_PIMApiEndPoint)')}@{triggerBody()['text']}",
            "headers": {
              "X-Gateway-APIKEY": "@parameters('varPIMApiKey (occt_varPIMApiKey)')"
            },
            "queries": {
              "locale": "@triggerBody()['text_1']"
            }
          }
        },
        "HTTP_Get_Product_FromSFCC": {
          "runAfter": {
            "Initialize_variable_Result": [
              "Succeeded"
            ]
          },
          "metadata": {
            "operationMetadataId": "f7e620de-1252-4bb7-9e91-efe1832d3441"
          },
          "type": "Http",
          "inputs": {
            "method": "GET",
            "uri": "@{parameters('varSFCCApiEndpoint (occt_varSFCCApiEndpoint)')}@{triggerBody()['text']}?expand=all",
            "headers": {
              "Authorization": "Bearer @{body('Run_a_Child_Flow')?['accesstoken']}"
            }
          }
        },
        "Select": {
          "runAfter": {
            "Select-BundledProducts-SFCC": [
              "Succeeded",
              "TimedOut",
              "Skipped",
              "Failed"
            ],
            "Select-BundledProducts-PIM": [
              "Succeeded",
              "TimedOut",
              "Skipped",
              "Failed"
            ]
          },
          "metadata": {
            "operationMetadataId": "54ae35bf-ec37-48f3-8bb7-ac79b1014ad7"
          },
          "type": "Select",
          "inputs": {
            "from": "@outputs('Locales')",
            "select": {
              "name": "@coalesce(body('HTTP_Get_Product_FromSFCC')?['name']?[item()], body('HTTP_Get_Product_FromPIM')?['generalInformation']?['erpProductName'])",
              "longDescription": "@coalesce(body('HTTP_Get_Product_FromSFCC')?['long_description']?[item()]?['markup'], body('HTTP_Get_Product_FromPIM')?['digitalInformation']?['formattedDescription'])",
              "c_OCC_eyebrow": "@body('HTTP_Get_Product_FromSFCC')?['c_OCC_eyebrow']?[item()]",
              "formulatedWithout": "@coalesce(body('HTTP_Get_Product_FromSFCC')?['c_OCC_formulatedWithout']?[item()], body('HTTP_Get_Product_FromPIM')?['scientificInformation']?['formulatedWithout'])",
              "howToUse": "@coalesce(body('HTTP_Get_Product_FromSFCC')?['c_OCC_applicationArea']?[item()]?['markup'], body('HTTP_Get_Product_FromPIM')?['digitalInformation']?['applicationArea'])",
              "proTips": "@coalesce(body('HTTP_Get_Product_FromSFCC')?['c_OCC_applicationArea']?[item()]?['markup'], body('HTTP_Get_Product_FromPIM')?['digitalInformation']?['applicationArea'])",
              "skuCode": "@triggerBody()['text']",
              "pageDescription": "@coalesce(body('HTTP_Get_Product_FromSFCC')?['page_description']?[item()], body('HTTP_Get_Product_FromPIM')?['marketingInformation']?['productText'])",
              "productImage": "@coalesce(body('HTTP_Get_Product_FromSFCC')?['image']?['dis_base_url'], body('HTTP_Get_Product_FromPIM')?['generalInformation']?['imageUrl']?['url'])",
              "c_OCC_routineTitleDescription": "@body('HTTP_Get_Product_FromSFCC')?['c_OCC_routineTitleDescription']?[item()]?['markup']",
              "c_OCC_routineProducts": "@body('HTTP_Get_Product_FromSFCC')?['c_OCC_routineProducts']?[item()]",
              "c_OCC_routineDescription": "@body('HTTP_Get_Product_FromSFCC')?['c_OCC_routineDescription']?[item()]?['markup']",
              "c_OCC_routineProductsMainActions": "@body('HTTP_Get_Product_FromSFCC')?['c_OCC_routineProductsMainActions']?[item()]",
              "c_OCC_testResultDescriptions": "@body('HTTP_Get_Product_FromSFCC')?['c_OCC_testResultDescriptions']?[item()]",
              "c_OCC_testResultDisclaimers": "@body('HTTP_Get_Product_FromSFCC')?['c_OCC_testResultDisclaimers']?[item()]",
              "c_OCC_testResultValues": "@if(equals(body('HTTP_Get_Product_FromSFCC')?['c_OCC_testResultValues']?[item()], null), null, split(body('HTTP_Get_Product_FromSFCC')?['c_OCC_testResultValues']?[item()], ';'))",
              "master": "@coalesce(body('HTTP_Get_Product_FromSFCC')?['master']?[item()]?['master_id'], body('HTTP_Get_Product_FromPIM')?['digitalInformation']?['masterCode'])",
              "c_OCC_CallCenterDescription": "@coalesce(body('HTTP_Get_Product_FromSFCC')?['c_OCC_CallCenterDescription']?[item()], body('HTTP_Get_Product_FromPIM')?['digitalInformation']?['callCenterProduct'])",
              "c_OCC_departmentNumber": "@body('HTTP_Get_Product_FromSFCC')?['c_OCC_departmentNumber']",
              "c_OCC_height": "@string(coalesce(body('HTTP_Get_Product_FromSFCC')?['c_OCC_height'],'0'))",
              "c_OCC_width": "@string(coalesce(body('HTTP_Get_Product_FromSFCC')?['c_OCC_width'],'0'))",
              "c_OCC_length": "@string(coalesce(body('HTTP_Get_Product_FromSFCC')?['c_OCC_length'],'0'))",
              "c_OCC_netWeight": "@string(coalesce(body('HTTP_Get_Product_FromSFCC')?['c_OCC_netWeight'],'0'))",
              "c_OCC_grossWeight": "@string(coalesce(body('HTTP_Get_Product_FromSFCC')?['c_OCC_grossWeight'],'0'))",
              "brand": "@coalesce(body('HTTP_Get_Product_FromSFCC')?['c_OCC_brand']?[item()], body('HTTP_Get_Product_FromPIM')?['generalInformation']?['brand']?['value'])",
              "c_OCC_type": "@body('HTTP_Get_Product_FromSFCC')?['c_OCC_type']",
              "c_OCC_inci": "@coalesce(body('HTTP_Get_Product_FromSFCC')?['c_OCC_inci']?[item()], if(equals(body('HTTP_Get_Product_FromPIM')?['scientificInformation']?['inciList'],null),null,join(body('HTTP_Get_Product_FromPIM')?['scientificInformation']?['inciList'],' - ')) )",
              "OCC_featuredIngredientAsset1": "@body('HTTP_Get_Product_FromSFCC')?['c_OCC_featuredIngredientAsset1']?[item()]",
              "OCC_featuredIngredientAsset2": "@body('HTTP_Get_Product_FromSFCC')?['c_OCC_featuredIngredientAsset2']?[item()]",
              "OCC_featuredIngredientAsset3": "@body('HTTP_Get_Product_FromSFCC')?['c_OCC_featuredIngredientAsset3']?[item()]",
              "OCC_featuredIngredientAsset4": "@body('HTTP_Get_Product_FromSFCC')?['c_OCC_featuredIngredientAsset4']?[item()]",
              "OCC_featuredIngredientAsset5": "@body('HTTP_Get_Product_FromSFCC')?['c_OCC_featuredIngredientAsset5']?[item()]",
              "c_OCC_perfumeryTopNote": "@if(equals(body('HTTP_Get_Product_FromSFCC')?['c_OCC_perfumeryTopNote']?[item()], null), null, split(body('HTTP_Get_Product_FromSFCC')?['c_OCC_perfumeryTopNote']?[item()], ','))",
              "c_OCC_perfumeryHeartNote": "@if(equals(body('HTTP_Get_Product_FromSFCC')?['c_OCC_perfumeryHeartNote']?[item()], null), null, split(body('HTTP_Get_Product_FromSFCC')?['c_OCC_perfumeryHeartNote']?[item()], ','))",
              "c_OCC_perfumeryBaseNote": "@if(equals(body('HTTP_Get_Product_FromSFCC')?['c_OCC_perfumeryBaseNote']?[item()], null), null, split(body('HTTP_Get_Product_FromSFCC')?['c_OCC_perfumeryBaseNote']?[item()], ','))",
              "c_OCC_collection": "@body('HTTP_Get_Product_FromSFCC')?['c_OCC_collection']?[item()]",
              "c_OCC_fragrance": "@body('HTTP_Get_Product_FromSFCC')?['c_OCC_fragrance']?[item()]",
              "c_OCC_texture": "@body('HTTP_Get_Product_FromSFCC')?['c_OCC_texture']?[item()]",
              "c_OCC_productType": "@body('HTTP_Get_Product_FromSFCC')?['c_OCC_productType']?[item()]",
              "c_OCC_concern": "@body('HTTP_Get_Product_FromSFCC')?['c_OCC_concern']?[item()]",
              "c_OCC_applicationArea": "@body('HTTP_Get_Product_FromSFCC')?['c_OCC_applicationArea']?[item()]?['markup']",
              "c_OCC_webBenefits": "@body('HTTP_Get_Product_FromSFCC')?['c_OCC_webBenefits']?[item()]?['markup']",
              "c_OCC_tagLine": "@coalesce(body('HTTP_Get_Product_FromSFCC')?['c_OCC_tagLine']?[item()], body('HTTP_Get_Product_FromPIM')?['marketingInformation']?['attentionCatcher'])",
              "ean": "@body('HTTP_Get_Product_FromSFCC')?['ean']",
              "pimTechnical": "@body('HTTP_Get_Product_FromPIM')?['pimTechnical']?['contextStatus']",
              "page_title": "@body('HTTP_Get_Product_FromSFCC')?['page_title']?[item()]",
              "IsProductType": "@body('HTTP_Get_Product_FromPIM')?['productType']",
              "IsVirtualKit": "@coalesce(body('HTTP_Get_Product_FromSFCC')?['c_OCC_isVirtualKit'],false)",
              "locale": "@item()",
              "type": "@  if(empty(body('HTTP_Get_Product_FromSFCC')?['type']),json(string('{\"bundle\":true}')),\r\n removeProperty(json(replace(string(body('HTTP_Get_Product_FromSFCC')?['type']),'_type','TTR')),'TTR'))",
              "shortDescription": "@body('HTTP_Get_Product_FromSFCC')?['short_description']?[item()]?['source']",
              "lastModified": "@coalesce(body('HTTP_Get_Product_FromSFCC')?['last_modified'], body('HTTP_Get_Product_FromPIM')?['pimTechnical']?['modifiedDate'])",
              "createdDate": "@coalesce(body('HTTP_Get_Product_FromSFCC')?['creation_date'], body('HTTP_Get_Product_FromPIM')?['pimTechnical']?['createdDate'])",
              "bundled_products": "@coalesce(body('Select-BundledProducts-SFCC'), body('Select-BundledProducts-PIM'))",
              "c_OCC_bundleContent": "@coalesce(body('HTTP_Get_Shop_Product_-_SFCC')?['c_OCC_bundleContent'],body('HTTP_Get_Product_FromSFCC')?['c_OCC_bundleContent']?[item()])",
              "c_OCC_bundleDescription": "@coalesce(body('HTTP_Get_Shop_Product_-_SFCC')?['c_OCC_bundleDescription'],body('HTTP_Get_Product_FromSFCC')?['c_OCC_bundleDescription']?[item()]?['markup'])",
              "c_OCC_whatsInsideSectionVisible": "@coalesce(body('HTTP_Get_Shop_Product_-_SFCC')?['c_OCC_whatsInsideSectionVisible'],body('HTTP_Get_Product_FromSFCC')?['c_OCC_whatsInsideSectionVisible'])"
            }
          }
        },
        "For_each_locale": {
          "foreach": "@outputs('Locales')",
          "actions": {
            "Append_to_array_variable_Result": {
              "runAfter": {},
              "metadata": {
                "operationMetadataId": "ecf3ec02-674c-43b9-847a-beb523a3147d"
              },
              "type": "AppendToArrayVariable",
              "inputs": {
                "name": "Result",
                "value": {
                  "name": "@{coalesce(\n    body('HTTP_Get_Product_FromSFCC')?['name']?[item()],\n    body('HTTP_Get_Product_FromPIM')?['generalInformation']?['erpProductName']\n)}",
                  "longDescription": "@{coalesce(\r\n    body('HTTP_Get_Product_FromSFCC')?['longDescription']?[item()]?['source'],\r\n    body('HTTP_Get_Product_FromPIM')?['digitalInformation']?['formattedDescription']\r\n)}",
                  "c_OCC_eyebrow": "@{first(coalesce(\n    body('HTTP_Get_Product_FromSFCC')?['c_OCC_eyebrow']?[item()],\n    ''\n))}",
                  "attentionCatcher": "@{coalesce(\r\n    first(coalesce(\r\n    body('HTTP_Get_Product_FromSFCC')?['c_OCC_eyebrow']?[item()],\r\n    ''\r\n\t)),\r\n    body('HTTP_Get_Product_FromPIM')?['marketingInformation']?['attentionCatcher']\r\n)}",
                  "formulatedWithout": "@coalesce(\r\n    body('HTTP_Get_Product_FromSFCC')?['c_OCC_formulatedWithout']?[item()],\r\n    body('HTTP_Get_Product_FromPIM')?['scientificInformation']?['formulatedWithout']\r\n)",
                  "howToUse": "@{coalesce(\r\n    body('HTTP_Get_Product_FromSFCC')?['c_OCC_applicationArea']?[item()]?['markup'],\r\n    body('HTTP_Get_Product_FromPIM')?['digitalInformation']?['applicationArea']\r\n)}",
                  "proTips": "@{coalesce(\n    body('HTTP_Get_Product_FromSFCC')?['c_OCC_applicationArea']?[item()]?['markup'],\n    body('HTTP_Get_Product_FromPIM')?['digitalInformation']?['applicationArea']\n)}",
                  "skuCode": "@triggerBody()['text']",
                  "pageDescription": "@{coalesce(\n    body('HTTP_Get_Product_FromSFCC')?['page_description']?[item()],\n    body('HTTP_Get_Product_FromPIM')?['marketingInformation']?['productText']\n)}",
                  "productImage": "@{coalesce(\n    body('HTTP_Get_Product_FromSFCC')?['image']?['dis_base_url'],\n    body('HTTP_Get_Product_FromPIM')?['generalInformation']?['imageUrl']?['url']\n)}",
                  "c_OCC_routineTitleDescription": "@{body('HTTP_Get_Product_FromSFCC')?['c_OCC_routineTitleDescription']?[item()]?['markup']}",
                  "c_OCC_routineProducts": "@body('HTTP_Get_Product_FromSFCC')?['c_OCC_routineProducts']?[item()]",
                  "c_OCC_routineDescription": "@{body('HTTP_Get_Product_FromSFCC')?['c_OCC_routineDescription']?[item()]?['markup']}",
                  "c_OCC_routineProductsMainActions": "@body('HTTP_Get_Product_FromSFCC')?['c_OCC_routineProductsMainActions']?[item()]",
                  "c_OCC_testResultDescriptions": "@body('HTTP_Get_Product_FromSFCC')?['c_OCC_testResultDescriptions']?[item()]",
                  "c_OCC_testResultDisclaimers": "@body('HTTP_Get_Product_FromSFCC')?['c_OCC_testResultDisclaimers']?[item()]",
                  "c_OCC_testResultValues": "@if(\r\n\t\tequals(\r\n\t\t\tbody('HTTP_Get_Product_FromSFCC')?['c_OCC_testResultValues']?[item()],\r\n\t\t\tnull\r\n\t\t), null, \r\n\t\tsplit(body('HTTP_Get_Product_FromSFCC')?['c_OCC_testResultValues']?[item()],';')\r\n\t)",
                  "master": "@{coalesce(\r\n    body('HTTP_Get_Product_FromSFCC')?['master']?[item()]?['master_id'],\r\n    body('HTTP_Get_Product_FromPIM')?['digitalInformation']?['masterCode']\r\n)}",
                  "c_OCC_CallCenterDescription": "@{coalesce(\r\n    body('HTTP_Get_Product_FromSFCC')?['c_OCC_CallCenterDescription']?[item()],\r\n    body('HTTP_Get_Product_FromPIM')?['digitalInformation']?['callCenterProduct']\r\n)}",
                  "c_OCC_departmentNumber": "@{body('HTTP_Get_Product_FromSFCC')?['c_OCC_departmentNumber']}",
                  "c_OCC_height": "@{body('HTTP_Get_Product_FromSFCC')?['c_OCC_height']}",
                  "c_OCC_width": "@{body('HTTP_Get_Product_FromSFCC')?['c_OCC_width']}",
                  "c_OCC_length": "@{body('HTTP_Get_Product_FromSFCC')?['c_OCC_length']}",
                  "c_OCC_netWeight": "@{body('HTTP_Get_Product_FromSFCC')?['c_OCC_netWeight']}",
                  "c_OCC_grossWeight": "@{body('HTTP_Get_Product_FromSFCC')?['c_OCC_grossWeight']}",
                  "brand": "@{coalesce(\r\n    body('HTTP_Get_Product_FromSFCC')?['c_OCC_brand']?[item()],\r\n    body('HTTP_Get_Product_FromPIM')?['generalInformation']?['brand']?['value']\r\n)}",
                  "c_OCC_type": "@{body('HTTP_Get_Product_FromSFCC')?['c_OCC_type']}",
                  "c_OCC_inci": "@{coalesce(\r\n    body('HTTP_Get_Product_FromSFCC')?['c_OCC_inci']?[item()],\r\n    body('HTTP_Get_Product_FromPIM')?['scientificInformation']?['inciList']\r\n)}",
                  "OCC_featuredIngredientAsset1": "@{body('HTTP_Get_Product_FromSFCC')?['OCC_featuredIngredientAsset1']?[item()]}",
                  "OCC_featuredIngredientAsset2": "@{body('HTTP_Get_Product_FromSFCC')?['OCC_featuredIngredientAsset2']?[item()]}",
                  "OCC_featuredIngredientAsset3": "@{body('HTTP_Get_Product_FromSFCC')?['OCC_featuredIngredientAsset3']?[item()]}",
                  "OCC_featuredIngredientAsset4": "@{body('HTTP_Get_Product_FromSFCC')?['OCC_featuredIngredientAsset4']?[item()]}",
                  "OCC_featuredIngredientAsset5": "@{body('HTTP_Get_Product_FromSFCC')?['OCC_featuredIngredientAsset5']?[item()]}",
                  "c_OCC_perfumeryTopNote": "@{body('HTTP_Get_Product_FromSFCC')?['c_OCC_perfumeryTopNote']?[item()]}",
                  "c_OCC_perfumeryHeartNote": "@{body('HTTP_Get_Product_FromSFCC')?['c_OCC_perfumeryHeartNote']?[item()]}",
                  "c_OCC_perfumeryBaseNote": "@{body('HTTP_Get_Product_FromSFCC')?['c_OCC_perfumeryHeartNote']?[item()]}",
                  "c_OCC_collection": "@body('HTTP_Get_Product_FromSFCC')?['c_OCC_collection']?[item()]",
                  "c_OCC_fragrance": "@body('HTTP_Get_Product_FromSFCC')?['c_OCC_fragrance']?[item()]",
                  "c_OCC_texture": "@body('HTTP_Get_Product_FromSFCC')?['c_OCC_texture']?[item()]",
                  "c_OCC_productType": "@body('HTTP_Get_Product_FromSFCC')?['c_OCC_productType']?[item()]",
                  "c_OCC_concern": "@body('HTTP_Get_Product_FromSFCC')?['c_OCC_concern']?[item()]",
                  "c_OCC_applicationArea": "@{body('HTTP_Get_Product_FromSFCC')?['c_OCC_applicationArea']?[item()]?['markup']}",
                  "c_OCC_webBenefits": "@{body('HTTP_Get_Product_FromSFCC')?['c_OCC_webBenefits']?[item()]?['markup']}",
                  "c_OCC_tagLine": "@{ coalesce(\r\n body('HTTP_Get_Product_FromSFCC')?['c_OCC_tagLine']?[item()],\r\n body('HTTP_Get_Product_FromPIM')?['marketingInformation']?['attentionCatcher']\r\n )}",
                  "ean": "@{body('HTTP_Get_Product_FromSFCC')?['ean']}",
                  "pimTechnical": "@body('HTTP_Get_Product_FromPIM')?['pimTechnical']?['contextStatus']",
                  "page_title": "@{body('HTTP_Get_Product_FromSFCC')?['page_title']?[item()]}",
                  "IsProductType": "@{body('HTTP_Get_Product_FromPIM')?['productType']}",
                  "IsVirtualKit": "@body('HTTP_Get_Product_FromSFCC')?['c_OCC_isVirtualKit']",
                  "locale": "@{items('For_each_locale')}",
                  "type": "@body('HTTP_Get_Product_FromSFCC')?['type']?['item']",
                  "shortDescription": "@body('HTTP_Get_Product_FromSFCC')?['short_description']?[item()]?['source']",
                  "lastModified": "@coalesce(body('HTTP_Get_Product_FromSFCC')?['last_modified'], body('HTTP_Get_Product_FromPIM')?['pimTechnical']?['modifiedDate'])",
                  "createdDate": "@coalesce(body('HTTP_Get_Product_FromSFCC')?['creation_date'], body('HTTP_Get_Product_FromPIM')?['pimTechnical']?['createdDate'])",
                  "bundled_products": "@coalesce(body('Select-BundledProducts-SFCC'), body('Select-BundledProducts-PIM'))"
                }
              }
            }
          },
          "runAfter": {
            "Response": [
              "Succeeded"
            ]
          },
          "metadata": {
            "operationMetadataId": "02fa46fd-5b33-41d7-9082-52e3d8275034"
          },
          "type": "Foreach",
          "runtimeConfiguration": {
            "concurrency": {
              "repetitions": 50
            }
          }
        },
        "Select-BundledProducts-SFCC": {
          "runAfter": {
            "Compose-BundleProducts": [
              "Succeeded",
              "TimedOut",
              "Failed"
            ]
          },
          "metadata": {
            "operationMetadataId": "dfbd55d6-50ec-4fbb-a4fb-c143bf5cdd8c"
          },
          "type": "Select",
          "inputs": {
            "from": "@coalesce(outputs('Compose-BundleProducts')?['bundled_products'])",
            "select": {
              "id": "@coalesce(item()?['product']?['id'],item()?['id'])",
              "ean": "@coalesce(item()?['product']?['ean'],item()?['ean'])",
              "name": "@coalesce(item()?['product']?['name'],item()?['name']?[triggerBody()?['text_1']])",
              "quantity": "@string(coalesce(item()?['quantity'],item()?['unit_quantity']))"
            }
          }
        },
        "Select-BundledProducts-PIM": {
          "runAfter": {
            "HTTP_Get_Product_FromPIM": [
              "Succeeded",
              "Failed",
              "TimedOut",
              "Skipped"
            ]
          },
          "metadata": {
            "operationMetadataId": "1c81ea8c-4f6c-4015-83be-7e2f1b384ac5"
          },
          "type": "Select",
          "inputs": {
            "from": "@body('HTTP_Get_Product_FromPIM')?['productReferences']?['kitContains']",
            "select": {
              "id": "@item()?['productSummary']?['skuCode']",
              "name": "@item()?['productSummary']?['generalInformation']?['erpProductName']",
              "unit_quantity": "@string(item()?['attributes']?['quantity'])"
            }
          }
        },
        "HTTP_Get_Shop_Product_-_SFCC": {
          "runAfter": {
            "HTTP_Get_Product_FromSFCC": [
              "Succeeded",
              "Failed"
            ]
          },
          "metadata": {
            "operationMetadataId": "f2b179bc-8ef1-455a-86b6-ca00c67a4b48"
          },
          "type": "Http",
          "inputs": {
            "method": "GET",
            "uri": "@{parameters('varSFCCShopProductEndpoint (occt_varSFCCShopProductEndpoint)')}@{triggerBody()?['text']}",
            "headers": {
              "Authorization": "Bearer @{body('Run_a_Child_Flow')?['accesstoken']}"
            },
            "queries": {
              "client_id": "bd307463-a963-464b-aada-9888f79a806c",
              "expand": "availability,bundled_products,promotions,prices"
            }
          },
          "runtimeConfiguration": {
            "contentTransfer": {
              "transferMode": "Chunked"
            }
          }
        },
        "Compose-BundleProducts": {
          "runAfter": {
            "HTTP_Get_Shop_Product_-_SFCC": [
              "Succeeded",
              "Failed",
              "TimedOut"
            ]
          },
          "metadata": {
            "operationMetadataId": "d0d12905-3e59-48e3-b293-ffc3544f4cd8"
          },
          "type": "Compose",
          "inputs": {
            "bundled_products": "@coalesce(body('HTTP_Get_Shop_Product_-_SFCC')?['bundled_products'],body('HTTP_Get_Product_FromSFCC')?['bundled_products'])"
          }
        }
      }
    },
    "templateName": null
  },
  "schemaVersion": "1.0.0.0"
}