{
  "properties": {
    "connectionReferences": {},
    "definition": {
      "$schema": "https://schema.management.azure.com/providers/Microsoft.Logic/schemas/2016-06-01/workflowdefinition.json#",
      "contentVersion": "1.0.0.0",
      "parameters": {
        "$authentication": {
          "defaultValue": {},
          "type": "SecureObject"
        },
        "$connections": {
          "defaultValue": {},
          "type": "Object"
        },
        "varFormalaAPIEndpoint (occt_FormalaAPIEndpoint)": {
          "defaultValue": "https://loccitane.syndigo.com/api/entityappservice/get",
          "type": "String",
          "metadata": {
            "schemaName": "occt_FormalaAPIEndpoint"
          }
        },
        "varFormulaClientID (occt_varFormulaClientID)": {
          "defaultValue": "dDcv3LEQjBmnIzcaB50kNT5zmF3s25tS",
          "type": "String",
          "metadata": {
            "schemaName": "occt_varFormulaClientID"
          }
        },
        "varFormulaClientSecret (occt_varFormulaClientSecret)": {
          "defaultValue": "v9cwTlcLLsbOjEKoxSRGpQox4t8kk4m0aYBqujsHGmsYeNqe6y_evpEVCMZPd3R9",
          "type": "String",
          "metadata": {
            "schemaName": "occt_varFormulaClientSecret"
          }
        }
      },
      "triggers": {
        "manual": {
          "metadata": {
            "operationMetadataId": "6c2e0dbc-5180-41e5-921c-fa15758a2682"
          },
          "type": "Request",
          "kind": "PowerAppV2",
          "inputs": {
            "schema": {
              "type": "object",
              "properties": {
                "text": {
                  "title": "FormulaCode",
                  "type": "string",
                  "x-ms-dynamically-added": true,
                  "description": "Please enter your input",
                  "x-ms-content-hint": "TEXT"
                }
              },
              "required": [
                "text"
              ]
            }
          }
        }
      },
      "actions": {
        "Get_Product_Formula": {
          "runAfter": {
            "systemadminValue": [
              "Succeeded"
            ]
          },
          "metadata": {
            "operationMetadataId": "604af4b7-22d9-4639-9f75-5ded59049791"
          },
          "type": "Http",
          "inputs": {
            "uri": "@parameters('varFormalaAPIEndpoint (occt_FormalaAPIEndpoint)')",
            "method": "POST",
            "headers": {
              "auth-client-id": "@parameters('varFormulaClientID (occt_varFormulaClientID)')",
              "auth-client-secret": "@parameters('varFormulaClientSecret (occt_varFormulaClientSecret)')",
              "Content-Type": "application/json",
              "x-rdp-userId": "loccitane.admin@riversand.com",
              "x-rdp-tenantId": "loccitane",
              "x-rdp-version": "8.1",
              "x-rdp-clientId": "rdpclient",
              "x-rdp-userRoles": "[\"admin\"]"
            },
            "body": {
              "params": {
                "query": {
                  "filters": {
                    "typesCriterion": [
                      "entproduct",
                      "entkit"
                    ]
                  },
                  "contexts": [
                    {
                      "country": "NA"
                    }
                  ],
                  "name": "@{triggerBody()['text']}"
                },
                "fields": {
                  "attributes": [
                    "_ALL"
                  ]
                },
                "options": {
                  "maxRecords": 1
                }
              }
            }
          }
        },
        "Response": {
          "runAfter": {
            "SelectFormalAttribute": [
              "Succeeded"
            ]
          },
          "metadata": {
            "operationMetadataId": "9e458271-cbb2-41c4-bd92-ee31dd7aed95"
          },
          "type": "Response",
          "kind": "Http",
          "inputs": {
            "statusCode": 200,
            "body": "@body('SelectFormalAttribute')",
            "schema": {
              "type": "array",
              "items": {
                "type": "object",
                "properties": {
                  "id": {
                    "type": "string"
                  }
                },
                "required": [
                  "id"
                ]
              }
            }
          }
        },
        "SelectFormalAttribute": {
          "runAfter": {
            "Get_Product_Formula": [
              "Succeeded"
            ]
          },
          "metadata": {
            "operationMetadataId": "28aadddc-fe50-4886-9521-2f19bb3cb440"
          },
          "type": "Select",
          "inputs": {
            "from": "@body('Get_Product_Formula')?['response']?['entities']",
            "select": {
              "id": "@item()?['id']"
            }
          }
        },
        "systemadminValue": {
          "runAfter": {},
          "metadata": {
            "operationMetadataId": "31b8c4af-acac-4f66-bec1-fd9660e178ef"
          },
          "type": "Compose",
          "inputs": [
            "systemadmin"
          ]
        }
      },
      "outputs": {}
    },
    "templateName": null
  },
  "schemaVersion": "1.0.0.0"
}