{
  "properties": {
    "connectionReferences": {},
    "definition": {
      "$schema": "https://schema.management.azure.com/providers/Microsoft.Logic/schemas/2016-06-01/workflowdefinition.json#",
      "contentVersion": "1.0.0.0",
      "parameters": {
        "$authentication": {
          "defaultValue": {},
          "type": "SecureObject"
        },
        "varPIMApiKey (occt_varPIMApiKey)": {
          "defaultValue": "ee507f24-f6bd-4e3d-88ba-a0bcbe326671",
          "type": "String",
          "metadata": {
            "schemaName": "occt_varPIMApiKey"
          }
        },
        "varPIMApiEndPoint (occt_PIMApiEndPoint)": {
          "defaultValue": "https://loccitaneeutest.gateway.webmethodscloud.de/gateway/PIM_Products/1.0/",
          "type": "String",
          "metadata": {
            "schemaName": "occt_PIMApiEndPoint"
          }
        },
        "varSFCCAllProductEndpoint (occt_varSFCCAllProductEndpoint)": {
          "defaultValue": "https://devna.loccitane.com/s/-/dw/data/v21_10/product_search",
          "type": "String",
          "metadata": {
            "schemaName": "occt_varSFCCAllProductEndpoint"
          }
        }
      },
      "staticResults": {
        "HTTP_Get_product_information0": {
          "status": "Succeeded",
          "outputs": {
            "statusCode": "OK",
            "body": "",
            "headers": {}
          }
        }
      },
      "triggers": {
        "manual": {
          "metadata": {
            "operationMetadataId": "a49dbdac-c3a4-4b20-b43b-3415d892c3d4"
          },
          "type": "Request",
          "kind": "PowerAppV2",
          "inputs": {
            "schema": {
              "type": "object",
              "properties": {
                "text": {
                  "title": "locale",
                  "type": "string",
                  "x-ms-dynamically-added": true,
                  "description": "Tapez votre entrée",
                  "x-ms-content-hint": "TEXT"
                }
              },
              "required": []
            }
          }
        }
      },
      "actions": {
        "HTTP_Get_product_information": {
          "runAfter": {
            "localValue": [
              "Succeeded"
            ]
          },
          "metadata": {
            "operationMetadataId": "ea792d0c-fb2b-451e-8426-10a68df768df"
          },
          "type": "Http",
          "inputs": {
            "method": "GET",
            "uri": "@{parameters('varPIMApiEndPoint (occt_PIMApiEndPoint)')}?locale=@{triggerBody()?['text']}",
            "headers": {
              "X-Gateway-APIKEY": "@parameters('varPIMApiKey (occt_varPIMApiKey)')"
            },
            "queries": {
              "filter": "type:kit"
            }
          },
          "runtimeConfiguration": {
            "staticResult": {
              "staticResultOptions": "Disabled",
              "name": "HTTP_Get_product_information0"
            }
          }
        },
        "HTTP_Get_total_product_value": {
          "runAfter": {
            "Run_a_Child_Flow": [
              "Succeeded"
            ]
          },
          "metadata": {
            "operationMetadataId": "7b6d3450-38c5-4906-9595-7d580be495d3"
          },
          "type": "Http",
          "inputs": {
            "method": "POST",
            "uri": "@parameters('varSFCCAllProductEndpoint (occt_varSFCCAllProductEndpoint)')",
            "headers": {
              "Authorization": "Bearer @{body('Run_a_Child_Flow')?['accesstoken']}"
            },
            "body": {
              "query": {
                "bool_query": {
                  "must": [
                    {
                      "filtered_query": {
                        "filter": {
                          "range_filter": {
                            "field": "last_modified",
                            "from": "2020-01-01T00:00:00Z"
                          }
                        },
                        "query": {
                          "match_all_query": {}
                        }
                      }
                    },
                    {
                      "term_query": {
                        "fields": [
                          "c_OCC_brand"
                        ],
                        "operator": "neq",
                        "values": [
                          "Erborian"
                        ]
                      }
                    }
                  ]
                }
              },
              "expand": [
                "all"
              ],
              "select": "(**,hits.(id))",
              "sorts": [
                {
                  "field": "name",
                  "sort_order": "desc"
                }
              ],
              "count": 200,
              "start": 0
            }
          }
        },
        "Total_pages": {
          "runAfter": {
            "HTTP_Get_total_product_value": [
              "Succeeded"
            ]
          },
          "metadata": {
            "operationMetadataId": "40519176-21c9-4048-919e-404054376a6c"
          },
          "type": "Compose",
          "inputs": "@range(\r\n    0,\r\n    add(div(body('HTTP_Get_total_product_value')?['total'],200),sub(1,mod(div(body('HTTP_Get_total_product_value')?['total'],200),1)))\r\n)"
        },
        "For_each_page": {
          "foreach": "@outputs('Total_pages')",
          "actions": {
            "HTTP_Start": {
              "runAfter": {},
              "metadata": {
                "operationMetadataId": "388ab909-ba6d-425d-b28f-5d5edd24e4fe"
              },
              "type": "Compose",
              "inputs": "@mul(item(), 200)"
            },
            "HTTP_Get_all_product_from_SFCC": {
              "runAfter": {
                "HTTP_Start": [
                  "Succeeded"
                ]
              },
              "metadata": {
                "operationMetadataId": "7b6d3450-38c5-4906-9595-7d580be495d3"
              },
              "type": "Http",
              "inputs": {
                "method": "POST",
                "uri": "@parameters('varSFCCAllProductEndpoint (occt_varSFCCAllProductEndpoint)')",
                "headers": {
                  "Authorization": "Bearer @{body('Run_a_Child_Flow')?['accesstoken']}"
                },
                "body": {
                  "query": {
                    "bool_query": {
                      "must": [
                        {
                          "filtered_query": {
                            "filter": {
                              "range_filter": {
                                "field": "last_modified",
                                "from": "2020-01-01T00:00:00Z"
                              }
                            },
                            "query": {
                              "match_all_query": {}
                            }
                          }
                        },
                        {
                          "term_query": {
                            "fields": [
                              "c_OCC_brand"
                            ],
                            "operator": "neq",
                            "values": [
                              "Erborian"
                            ]
                          }
                        }
                      ]
                    }
                  },
                  "expand": [
                    "all"
                  ],
                  "select": "(**,hits.(id,name,last_modified,type.(**),c_OCC_isVirtualKit,c_OCC_featuredIngredientAsset1,c_OCC_featuredIngredientAsset2,c_OCC_featuredIngredientAsset3,c_OCC_featuredIngredientAsset4,c_OCC_featuredIngredientAsset5,c_OCC_perfumeryTopNote,c_OCC_perfumeryHeartNote,c_OCC_perfumeryBaseNote,c_OCC_collection,c_OCC_productType,image.(abs_url,dis_base_url)))",
                  "sorts": [
                    {
                      "field": "last_modified",
                      "sort_order": "desc"
                    }
                  ],
                  "count": 200,
                  "start": "@outputs('HTTP_Start')"
                }
              }
            },
            "Select_-_SFCC_SKUs": {
              "runAfter": {
                "HTTP_Get_all_product_from_SFCC": [
                  "Succeeded"
                ]
              },
              "metadata": {
                "operationMetadataId": "808a087c-b12a-44a1-96ca-337c32f487b0"
              },
              "type": "Select",
              "inputs": {
                "from": "@body('HTTP_Get_all_product_from_SFCC')?['hits']",
                "select": "@item()?['id']"
              }
            },
            "Select_-_SFCC_Data_2": {
              "runAfter": {
                "HTTP_Get_all_product_from_SFCC": [
                  "Succeeded"
                ]
              },
              "metadata": {
                "operationMetadataId": "bfb7deb0-3d44-44f0-9c58-b7e3feb5ccb5"
              },
              "type": "Select",
              "inputs": {
                "from": "@body('HTTP_Get_all_product_from_SFCC')?['hits']",
                "select": {
                  "@{item()?['id']}": {
                    "sku": "@item()?['id']",
                    "sfccName": "@coalesce(item()?['name']?[triggerBody()?['text']],null)",
                    "productImage": "@coalesce(item()?['image']?['dis_base_url'], item()?['image']?['abs_url'], null)",
                    "sfccline": "@if(empty(item()?['c_OCC_collection']?[triggerBody()?['text']]), null, join(item()?['c_OCC_collection']?[triggerBody()?['text']], ', '))",
                    "sfccsegment": "@if(empty(item()?['c_OCC_productType']?[triggerBody()?['text']]), null, join(item()?['c_OCC_productType']?[triggerBody()?['text']], ', '))",
                    "modifiedDate": "@coalesce(item()?['last_modified'], null)",
                    "isVirtualKit": "@coalesce(item()?['c_OCC_isVirtualKit'], false)",
                    "productType": "@concat(item()?['type']?['item'],item()?['type']?['variant'],item()?['type']?['bundle'],item()?['type']?['bundled'],item()?['type']?['master'])"
                  }
                }
              }
            },
            "Select": {
              "runAfter": {
                "Select_-_SFCC_Data_2": [
                  "Succeeded"
                ]
              },
              "metadata": {
                "operationMetadataId": "2e42096c-5121-490e-87dd-ba2e7136c3d6"
              },
              "type": "Select",
              "inputs": {
                "from": "@body('Select_-_SFCC_Data_2')",
                "select": "@slice(string(item()),1,-1)"
              }
            }
          },
          "runAfter": {
            "Total_pages": [
              "Succeeded"
            ]
          },
          "metadata": {
            "operationMetadataId": "60453f2c-41b8-469a-a937-16c7824f96c2"
          },
          "type": "Foreach",
          "runtimeConfiguration": {
            "concurrency": {
              "repetitions": 50
            }
          }
        },
        "Initialize_variable_SFCCSkus": {
          "runAfter": {},
          "metadata": {
            "operationMetadataId": "7dee7162-f8f8-4b4f-b999-c7f963c1ed5f"
          },
          "type": "InitializeVariable",
          "inputs": {
            "variables": [
              {
                "name": "SFCCSkus",
                "type": "array"
              }
            ]
          }
        },
        "localValue": {
          "runAfter": {
            "Initialize_variable_SFCCSkus": [
              "Succeeded"
            ]
          },
          "metadata": {
            "operationMetadataId": "d91157b7-7ad3-4067-850b-974a52a1b00b"
          },
          "type": "Compose",
          "inputs": "@triggerBody()?['text']"
        },
        "Run_a_Child_Flow": {
          "runAfter": {
            "localValue": [
              "Succeeded"
            ]
          },
          "metadata": {
            "operationMetadataId": "9ab4ad74-482e-4f10-986b-23789710a583"
          },
          "type": "Workflow",
          "inputs": {
            "host": {
              "workflowReferenceName": "4aeec937-8f34-ef11-8409-6045bdd4ccb0"
            }
          }
        },
        "Select_PIM_Attributes": {
          "runAfter": {
            "HTTP_Get_product_information": [
              "Succeeded"
            ]
          },
          "metadata": {
            "operationMetadataId": "05b4b9e1-9dbd-46be-bb67-e2eebbbfcf2b"
          },
          "type": "Select",
          "inputs": {
            "from": "@body('HTTP_Get_product_information')?['results']",
            "select": {
              "@{item()?['skuCode']}": {
                "sku": "@item()?['skuCode']",
                "segment": "@item()?['generalInformation']?['segment']?['value']",
                "line": "@item()?['generalInformation']?['line']?['value']",
                "productName": "@coalesce(item()?['generalInformation']?['productName'], item()?['generalInformation']?['erpProductName'])",
                "productImage": "@item()?['generalInformation']?['imageUrl']?['url']",
                "topNote": "@coalesce(item()?['marketingInformation']?['topNotes'], null)",
                "heatNote": "@coalesce(item()?['marketingInformation']?['middleNotes'], null)",
                "baseNote": "@coalesce(item()?['marketingInformation']?['baseNotes'], null)",
                "featureIngredient": "@ coalesce(item()?['marketingInformation']?['featuredIngredient'], null)",
                "modifiedDate": "@coalesce(item()?['pimTechnical']?['modifiedDate'], null)",
                "isVirtualKit": "@coalesce(item()?['localSkuInformation']?['isVirtualKit'], null)"
              }
            }
          }
        },
        "Compose_-_Transform_to_Objects_SFCC": {
          "runAfter": {
            "Compose_-_Flatten_SFCC_Array": [
              "Succeeded"
            ]
          },
          "metadata": {
            "operationMetadataId": "3a63525f-bef0-431b-97d4-e317a5dcb5cc"
          },
          "type": "Compose",
          "inputs": "@json(concat('{', join(outputs('Compose_-_Flatten_SFCC_Array'), ','), '}'))"
        },
        "Compose_-_SFCC_SKUs": {
          "runAfter": {
            "For_each_page": [
              "Succeeded"
            ]
          },
          "metadata": {
            "operationMetadataId": "715b660c-4db3-4ce9-98c4-8ba78b3d983e"
          },
          "type": "Compose",
          "inputs": "@json(replace(join(body('Select_-_SFCC_SKUs'),'') ,'][', ','))"
        },
        "Compose_-_Flatten_SFCC_Array": {
          "runAfter": {
            "Compose_-_SFCC_SKUs": [
              "Succeeded"
            ]
          },
          "metadata": {
            "operationMetadataId": "74082135-7482-42f8-b5f7-316e64932f24"
          },
          "type": "Compose",
          "inputs": "@json(join(body('Select'),''))"
        },
        "Réponse": {
          "runAfter": {
            "Compose_-_Counters": [
              "Succeeded"
            ]
          },
          "metadata": {
            "operationMetadataId": "00c09099-227c-4348-9c0e-d388031ce2eb"
          },
          "type": "Response",
          "kind": "Http",
          "inputs": {
            "statusCode": 200,
            "body": {
              "featureIngredients": "@outputs('Compose_-_Distinct_FeatureIngredients')",
              "fragrances": "@outputs('Compose_-_Distinct_Notes')",
              "products": "@body('Select_-_Products')"
            },
            "schema": {
              "type": "object",
              "properties": {
                "fragrances": {
                  "type": "array",
                  "items": {
                    "type": "string"
                  }
                },
                "featureIngredients": {
                  "type": "array",
                  "items": {
                    "type": "string"
                  }
                },
                "products": {
                  "type": "array",
                  "items": {
                    "type": "object",
                    "properties": {
                      "sku": {
                        "type": "string"
                      },
                      "productName": {
                        "type": "string"
                      },
                      "productImage": {
                        "type": "string"
                      },
                      "line": {
                        "type": "string"
                      },
                      "segment": {
                        "type": "string"
                      }
                    },
                    "required": [
                      "sku",
                      "productName",
                      "productImage",
                      "line",
                      "segment"
                    ]
                  }
                }
              }
            }
          }
        },
        "Compose_-_Transform_to_Objects_PIM": {
          "runAfter": {
            "Select_PIM_Attributes_Stringified": [
              "Succeeded"
            ]
          },
          "metadata": {
            "operationMetadataId": "04080ab8-f3a3-4914-b1f5-1676ad01d64a"
          },
          "type": "Compose",
          "inputs": "@json(concat('{', join(body('Select_PIM_Attributes_Stringified'), ','), '}'))"
        },
        "PIM_xPath_processing": {
          "actions": {
            "Compose_-_Add_Root": {
              "runAfter": {},
              "metadata": {
                "operationMetadataId": "7ecd3b8e-0152-4eea-bfd4-8d30898424a8"
              },
              "type": "Compose",
              "inputs": {
                "root": {
                  "values": "@outputs('Compose_-_Transform_to_Objects_PIM')"
                }
              }
            },
            "Compose_-_Convert_to_XML": {
              "runAfter": {
                "Compose_-_Add_Root": [
                  "Succeeded"
                ]
              },
              "metadata": {
                "operationMetadataId": "147da40f-733d-4635-a728-5a12ca001485"
              },
              "type": "Compose",
              "inputs": "@xml(outputs('Compose_-_Add_root'))"
            },
            "Select_-_PIM_SKUs": {
              "runAfter": {
                "Compose_-_Convert_to_XML": [
                  "Succeeded"
                ]
              },
              "metadata": {
                "operationMetadataId": "c47b7d97-9006-4261-8768-c0cab67acf98"
              },
              "type": "Select",
              "inputs": {
                "from": "@xpath(outputs('Compose_-_Convert_to_XML'),'//sku')",
                "select": "@replace(replace(base64ToString(item()?['$content']),'<sku>',''),'</sku>','')"
              }
            },
            "Select_-_FeatureIngredients": {
              "runAfter": {
                "Compose_-_Convert_to_XML": [
                  "Succeeded"
                ]
              },
              "metadata": {
                "operationMetadataId": "717dd7a0-7f40-491d-a05a-453765c405f2"
              },
              "type": "Select",
              "inputs": {
                "from": "@xpath(outputs('Compose_-_Convert_to_XML'),'//featureIngredient[normalize-space(.) != '''']/code')",
                "select": "@replace(replace(base64ToString(item()?['$content']),'<code>',''),'</code>','')"
              }
            },
            "Compose_-_Distinct_FeatureIngredients": {
              "runAfter": {
                "Select_-_FeatureIngredients": [
                  "Succeeded"
                ]
              },
              "metadata": {
                "operationMetadataId": "43b26fa4-4ebc-42eb-bfaa-4175a2947cd6"
              },
              "type": "Compose",
              "inputs": "@intersection(body('Select_-_FeatureIngredients'), body('Select_-_FeatureIngredients'))"
            },
            "Select_-_Notes": {
              "runAfter": {
                "Compose_-_Convert_to_XML": [
                  "Succeeded"
                ]
              },
              "metadata": {
                "operationMetadataId": "15e9b8c8-03d3-41fc-b02d-e8bb4efd847f"
              },
              "type": "Select",
              "inputs": {
                "from": "@xpath(outputs('Compose_-_Convert_to_XML'),'//heatNote[normalize-space(.) != ''''] | //topNote[normalize-space(.) != ''''] | //baseNote[normalize-space(.) != '''']')",
                "select": "@replace(replace(replace(replace(replace(replace(base64ToString(item()?['$content']),'<topNote>',''),'</topNote>',''), '<baseNote>',''),'</baseNote>',''),'<heatNote>',''),'</heatNote>','')"
              }
            },
            "Compose_-_Distinct_Notes": {
              "runAfter": {
                "Select_-_Notes": [
                  "Succeeded"
                ]
              },
              "metadata": {
                "operationMetadataId": "1b4b2021-2c22-4913-a3d9-50dcb82d7244"
              },
              "type": "Compose",
              "inputs": "@intersection(body('Select_-_Notes'), body('Select_-_Notes'))"
            }
          },
          "runAfter": {
            "Compose_-_Transform_to_Objects_PIM": [
              "Succeeded"
            ]
          },
          "metadata": {
            "operationMetadataId": "b92d90e0-9bc2-49ab-8972-e559c477dc4c"
          },
          "type": "Scope"
        },
        "Compose_-_Counters": {
          "runAfter": {
            "Select_-_Products": [
              "Succeeded"
            ]
          },
          "metadata": {
            "operationMetadataId": "f45f1f1c-f76f-4c78-8e21-937ad2d2e1af"
          },
          "type": "Compose",
          "inputs": "PIM: @{length(body('Select_-_PIM_SKUs'))}, SFCC: @{length(outputs('Compose_-_SFCC_SKUs'))}, Total: @{length(body('Select_-_Products'))}, SFCCobjects:@{length(outputs('Compose_-_Flatten_SFCC_Array'))}"
        },
        "Select_-_Products": {
          "runAfter": {
            "Compose__-_All_SKUs": [
              "Succeeded"
            ]
          },
          "metadata": {
            "operationMetadataId": "38485deb-53ac-432e-95cf-9e06a0b60adc"
          },
          "type": "Select",
          "inputs": {
            "from": "@outputs('Compose__-_All_SKUs')",
            "select": {
              "sku": "@item()",
              "productName": "@coalesce(\r\n  outputs('Compose_-_Transform_to_Objects_SFCC')?[item()]?['sfccName'],\r\n  outputs('Compose_-_Transform_to_Objects_PIM')?[item()]?['productName']\r\n)",
              "productImage": "@coalesce(\r\n  outputs('Compose_-_Transform_to_Objects_SFCC')?[item()]?['productImage'],\t\r\n  outputs('Compose_-_Transform_to_Objects_PIM')?[item()]?['productImage']  \r\n)",
              "line": "@coalesce(\r\n  outputs('Compose_-_Transform_to_Objects_SFCC')?[item()]?['sfccline'],\r\n  outputs('Compose_-_Transform_to_Objects_PIM')?[item()]?['line']  \r\n)",
              "segment": "@coalesce(\r\n  outputs('Compose_-_Transform_to_Objects_SFCC')?[item()]?['sfccsegment'],\r\n  outputs('Compose_-_Transform_to_Objects_PIM')?[item()]?['segment']  \r\n)",
              "modifiedDate": "@coalesce(  \r\n  outputs('Compose_-_Transform_to_Objects_SFCC')?[item()]?['modifiedDate'],\r\n  outputs('Compose_-_Transform_to_Objects_PIM')?[item()]?['modifiedDate']\r\n)",
              "isVirtualKit": "@coalesce(\r\n  outputs('Compose_-_Transform_to_Objects_SFCC')?[item()]?['isVirtualKit'],\t\r\n  outputs('Compose_-_Transform_to_Objects_PIM')?[item()]?['isVirtualKit']  \r\n)",
              "productType": "@coalesce(  \r\n  outputs('Compose_-_Transform_to_Objects_SFCC')?[item()]?['productType'],\r\n  outputs('Compose_-_Transform_to_Objects_PIM')?[item()]?['productType']\r\n)"
            }
          }
        },
        "Compose__-_All_SKUs": {
          "runAfter": {
            "Compose_-_Transform_to_Objects_SFCC": [
              "Succeeded"
            ],
            "PIM_xPath_processing": [
              "Succeeded"
            ]
          },
          "metadata": {
            "operationMetadataId": "5da49845-1ca0-43f5-b021-9826862a205a"
          },
          "type": "Compose",
          "inputs": "@union(body('Select_-_PIM_SKUs'),outputs('Compose_-_SFCC_SKUs'))"
        },
        "Select_PIM_Attributes_Stringified": {
          "runAfter": {
            "Select_PIM_Attributes": [
              "Succeeded"
            ]
          },
          "metadata": {
            "operationMetadataId": "2f4a194d-e8fc-427f-a595-6037a18fd25b"
          },
          "type": "Select",
          "inputs": {
            "from": "@body('Select_PIM_Attributes')",
            "select": "@slice(string(item()),1,-1)"
          }
        }
      },
      "outputs": {}
    },
    "templateName": ""
  },
  "schemaVersion": "1.0.0.0"
}