{
  "properties": {
    "connectionReferences": {
      "shared_dataflows": {
        "runtimeSource": "embedded",
        "connection": {
          "connectionReferenceLogicalName": "occt_shareddataflows_f4240"
        },
        "api": {
          "name": "shared_dataflows"
        }
      }
    },
    "definition": {
      "$schema": "https://schema.management.azure.com/providers/Microsoft.Logic/schemas/2016-06-01/workflowdefinition.json#",
      "contentVersion": "1.0.0.0",
      "parameters": {
        "$connections": {
          "defaultValue": {},
          "type": "Object"
        },
        "$authentication": {
          "defaultValue": {},
          "type": "SecureObject"
        }
      },
      "triggers": {
        "Recurrence": {
          "recurrence": {
            "frequency": "Minute",
            "interval": 30,
            "timeZone": "Eastern Standard Time",
            "startTime": "2024-11-29T05:10:00"
          },
          "metadata": {
            "operationMetadataId": "d4767efd-bdb4-4b33-bd94-2333ff23aa33"
          },
          "type": "Recurrence"
        }
      },
      "actions": {
        "Refresh_a_dataflow": {
          "runAfter": {},
          "metadata": {
            "operationMetadataId": "3adeca5d-11d8-4b43-a11f-36269f578765"
          },
          "type": "OpenApiConnection",
          "inputs": {
            "host": {
              "connectionName": "shared_dataflows",
              "operationId": "RefreshDataflow",
              "apiId": "/providers/Microsoft.PowerApps/apis/shared_dataflows"
            },
            "parameters": {
              "workspaceType": "Environment",
              "groupIdForRefreshDataflow": "b4c3e2a0-190e-e129-bad7-8a9f4f4f5519-31c688f59-us",
              "dataflowIdForRefreshDataflow": "b5471a83-025b-4960-8407-20302e3ab6ce"
            },
            "authentication": "@parameters('$authentication')"
          }
        }
      }
    },
    "templateName": ""
  },
  "schemaVersion": "1.0.0.0"
}