{
  "properties": {
    "connectionReferences": {},
    "definition": {
      "$schema": "https://schema.management.azure.com/providers/Microsoft.Logic/schemas/2016-06-01/workflowdefinition.json#",
      "contentVersion": "1.0.0.0",
      "parameters": {
        "$authentication": {
          "defaultValue": {},
          "type": "SecureObject"
        },
        "varPIMApiKey (occt_varPIMApiKey)": {
          "defaultValue": "90b00516-33b9-4107-a6db-d89ff3ed77ae",
          "type": "String",
          "metadata": {
            "schemaName": "occt_varPIMApiKey"
          }
        },
        "varPIMApiEndPoint (occt_PIMApiEndPoint)": {
          "defaultValue": "https://loccitaneeutest.gateway.webmethodscloud.de/gateway/PIM_Products/1.0/",
          "type": "String",
          "metadata": {
            "schemaName": "occt_PIMApiEndPoint"
          }
        }
      },
      "triggers": {
        "manual": {
          "metadata": {
            "operationMetadataId": "ef6dccc6-3711-438b-9e2b-e21154443123"
          },
          "type": "Request",
          "kind": "Http",
          "inputs": {
            "schema": {
              "type": "object",
              "properties": {
                "requestAPI_Key": {
                  "type": "string"
                },
                "requestPIM_URL": {
                  "type": "string"
                }
              }
            },
            "triggerAuthenticationType": "All"
          }
        }
      },
      "actions": {
        "environmentVariables": {
          "runAfter": {},
          "metadata": {
            "operationMetadataId": "90fea954-39d7-46a1-b6a5-2d8987e3d8c5"
          },
          "type": "Compose",
          "inputs": {
            "pimURL": "@{parameters('varPIMApiEndPoint (occt_PIMApiEndPoint)')}",
            "apiKEY": "@{parameters('varPIMApiKey (occt_varPIMApiKey)')}"
          }
        },
        "Response": {
          "runAfter": {
            "environmentVariables": [
              "Succeeded"
            ]
          },
          "metadata": {
            "operationMetadataId": "5c22d19e-7963-4cec-9528-635b6d75ee40"
          },
          "type": "Response",
          "kind": "Http",
          "inputs": {
            "statusCode": 200,
            "headers": {
              "Content-Type": "application/json"
            },
            "body": {
              "envVar": "@   outputs('environmentVariables')"
            }
          }
        }
      },
      "outputs": {}
    },
    "templateName": null
  },
  "schemaVersion": "1.0.0.0"
}