{
  "properties": {
    "connectionReferences": {
      "shared_commondataserviceforapps-1": {
        "api": {
          "name": "shared_commondataserviceforapps"
        },
        "connection": {
          "connectionReferenceLogicalName": "new_sharedcommondataserviceforapps_545ca"
        },
        "runtimeSource": "embedded"
      }
    },
    "definition": {
      "$schema": "https://schema.management.azure.com/providers/Microsoft.Logic/schemas/2016-06-01/workflowdefinition.json#",
      "contentVersion": "1.0.0.0",
      "parameters": {
        "$authentication": {
          "defaultValue": {},
          "type": "SecureObject"
        },
        "$connections": {
          "defaultValue": {},
          "type": "Object"
        },
        "var (occt_varPushToSFCCEndpoint)": {
          "defaultValue": "https://devna.loccitane.com/s/-/dw/data/v21_10/products/",
          "type": "String",
          "metadata": {
            "schemaName": "occt_varPushToSFCCEndpoint"
          }
        }
      },
      "triggers": {
        "manual": {
          "type": "Request",
          "kind": "PowerAppV2",
          "inputs": {
            "schema": {
              "type": "object",
              "properties": {
                "text": {
                  "title": "local",
                  "type": "string",
                  "x-ms-dynamically-added": true,
                  "description": "Please enter your input",
                  "x-ms-content-hint": "TEXT"
                },
                "text_1": {
                  "title": "sku",
                  "type": "string",
                  "x-ms-dynamically-added": true,
                  "description": "Please enter your input",
                  "x-ms-content-hint": "TEXT"
                },
                "text_19": {
                  "title": "UpdateRequestGuid",
                  "type": "string",
                  "x-ms-dynamically-added": true,
                  "description": "Please enter your input",
                  "x-ms-content-hint": "TEXT"
                }
              },
              "required": [
                "text",
                "text_1",
                "text_19"
              ]
            }
          },
          "metadata": {
            "operationMetadataId": "aa8272fd-f67d-462d-b985-36e411b74875"
          }
        }
      },
      "actions": {
        "Switch": {
          "type": "Switch",
          "expression": "@triggerBody()['text']",
          "default": {
            "actions": {}
          },
          "cases": {
            "Casedefault": {
              "actions": {
                "HTTPSingleSkuUpdate": {
                  "type": "Http",
                  "inputs": {
                    "uri": "@{parameters('var (occt_varPushToSFCCEndpoint)')}@{triggerBody()['text_1']}",
                    "method": "PATCH",
                    "headers": {
                      "Authorization": "Bearer @{body('Run_a_Child_Flow')?['accesstoken']}"
                    },
                    "body": {
                      "id": "@{triggerBody()['text_1']}",
                      "owning_catalog_id": "occ_master",
                      "c_OCC_eyebrow": {
                        "default": "@if(equals(outputs('Get_UpdateRequest_row_by_ID')?['body/occt_eyebrow'], null),null, split(outputs('Get_UpdateRequest_row_by_ID')?['body/occt_eyebrow'], ','))",
                        "en-CA": "@if(equals(outputs('Get_UpdateRequest_row_by_ID')?['body/occt_eyebrow'], null),null, split(outputs('Get_UpdateRequest_row_by_ID')?['body/occt_eyebrow'], ','))",
                        "en-US": "@if(equals(outputs('Get_UpdateRequest_row_by_ID')?['body/occt_eyebrow'], null),null, split(outputs('Get_UpdateRequest_row_by_ID')?['body/occt_eyebrow'], ','))"
                      },
                      "name": {
                        "default": "@{outputs('Get_UpdateRequest_row_by_ID')?['body/occt_productname']}",
                        "en-CA": "@{outputs('Get_UpdateRequest_row_by_ID')?['body/occt_productname']}",
                        "en-US": "@{outputs('Get_UpdateRequest_row_by_ID')?['body/occt_productname']}"
                      },
                      "c_OCC_tagLine": {
                        "en-CA": "@{outputs('Get_UpdateRequest_row_by_ID')?['body/occt_attentioncatcher']}",
                        "en-US": "@{outputs('Get_UpdateRequest_row_by_ID')?['body/occt_attentioncatcher']}",
                        "default": "@{outputs('Get_UpdateRequest_row_by_ID')?['body/occt_attentioncatcher']}"
                      },
                      "long_description": {
                        "default": {
                          "_type": "markup_text",
                          "markup": "@{outputs('Get_UpdateRequest_row_by_ID')?['body/occt_description']}",
                          "source": "@{outputs('Get_UpdateRequest_row_by_ID')?['body/occt_description']}"
                        },
                        "en-US": {
                          "_type": "markup_text",
                          "markup": "@{outputs('Get_UpdateRequest_row_by_ID')?['body/occt_description']}",
                          "source": "@{outputs('Get_UpdateRequest_row_by_ID')?['body/occt_description']}"
                        },
                        "en-CA": {
                          "_type": "markup_text",
                          "markup": "@{outputs('Get_UpdateRequest_row_by_ID')?['body/occt_description']}",
                          "source": "@{outputs('Get_UpdateRequest_row_by_ID')?['body/occt_description']}"
                        }
                      },
                      "c_OCC_webBenefits": {
                        "default": {
                          "_type": "markup_text",
                          "markup": "@{outputs('Get_UpdateRequest_row_by_ID')?['body/occt_webbenefits']}",
                          "source": "@{outputs('Get_UpdateRequest_row_by_ID')?['body/occt_webbenefits']}"
                        },
                        "en-US": {
                          "_type": "markup_text",
                          "markup": "@{outputs('Get_UpdateRequest_row_by_ID')?['body/occt_webbenefits']}",
                          "source": "@{outputs('Get_UpdateRequest_row_by_ID')?['body/occt_webbenefits']}"
                        },
                        "en-CA": {
                          "_type": "markup_text",
                          "markup": "@{outputs('Get_UpdateRequest_row_by_ID')?['body/occt_webbenefits']}",
                          "source": "@{outputs('Get_UpdateRequest_row_by_ID')?['body/occt_webbenefits']}"
                        }
                      },
                      "c_OCC_applicationArea": {
                        "default": {
                          "_type": "markup_text",
                          "markup": "@{outputs('Get_UpdateRequest_row_by_ID')?['body/occt_howtoapply']}",
                          "source": "@{outputs('Get_UpdateRequest_row_by_ID')?['body/occt_howtoapply']}"
                        },
                        "en-US": {
                          "_type": "markup_text",
                          "markup": "@{outputs('Get_UpdateRequest_row_by_ID')?['body/occt_howtoapply']}",
                          "source": "@{outputs('Get_UpdateRequest_row_by_ID')?['body/occt_howtoapply']}"
                        },
                        "en-CA": {
                          "_type": "markup_text",
                          "markup": "@{outputs('Get_UpdateRequest_row_by_ID')?['body/occt_howtoapply']}",
                          "source": "@{outputs('Get_UpdateRequest_row_by_ID')?['body/occt_howtoapply']}"
                        }
                      },
                      "master": "@if(\r\n    empty(outputs('Get_UpdateRequest_row_by_ID')?['body/occt_master']),\r\n    null,\r\n    json(concat('{\"master_id\": \"', outputs('Get_UpdateRequest_row_by_ID')?['body/occt_master'], '\"}'))\r\n)",
                      "c_OCC_formulatedWithout": {
                        "default": "@if(equals(outputs('Get_UpdateRequest_row_by_ID')?['body/occt_formulatedwithout'], null),null, split(outputs('Get_UpdateRequest_row_by_ID')?['body/occt_formulatedwithout'], ','))",
                        "en-CA": "@if(equals(outputs('Get_UpdateRequest_row_by_ID')?['body/occt_formulatedwithout'], null),null, split(outputs('Get_UpdateRequest_row_by_ID')?['body/occt_formulatedwithout'], ','))",
                        "en-US": "@if(equals(outputs('Get_UpdateRequest_row_by_ID')?['body/occt_formulatedwithout'], null),null, split(outputs('Get_UpdateRequest_row_by_ID')?['body/occt_formulatedwithout'], ','))"
                      },
                      "c_OCC_inci": {
                        "default": "@{outputs('Get_UpdateRequest_row_by_ID')?['body/occt_inci']}",
                        "en-CA": "@{outputs('Get_UpdateRequest_row_by_ID')?['body/occt_inci']}",
                        "en-US": "@{outputs('Get_UpdateRequest_row_by_ID')?['body/occt_inci']}"
                      },
                      "c_OCC_featuredIngredientAsset1": {
                        "default": "@{outputs('Get_UpdateRequest_row_by_ID')?['body/occt_occ_featuredingredientasset1']}",
                        "en-US": "@{outputs('Get_UpdateRequest_row_by_ID')?['body/occt_occ_featuredingredientasset1']}",
                        "en-CA": "@{outputs('Get_UpdateRequest_row_by_ID')?['body/occt_occ_featuredingredientasset1']}"
                      },
                      "c_OCC_featuredIngredientAsset2": {
                        "default": "@{outputs('Get_UpdateRequest_row_by_ID')?['body/occt_occ_featuredingredientasset2']}",
                        "en-US": "@{outputs('Get_UpdateRequest_row_by_ID')?['body/occt_occ_featuredingredientasset2']}",
                        "en-CA": "@{outputs('Get_UpdateRequest_row_by_ID')?['body/occt_occ_featuredingredientasset2']}"
                      },
                      "c_OCC_featuredIngredientAsset3": {
                        "default": "@{outputs('Get_UpdateRequest_row_by_ID')?['body/occt_occ_featuredingredientasset3']}",
                        "en-US": "@{outputs('Get_UpdateRequest_row_by_ID')?['body/occt_occ_featuredingredientasset3']}",
                        "en-CA": "@{outputs('Get_UpdateRequest_row_by_ID')?['body/occt_occ_featuredingredientasset3']}"
                      },
                      "c_OCC_featuredIngredientAsset4": {
                        "default": "@{outputs('Get_UpdateRequest_row_by_ID')?['body/occt_occ_featuredingredientasset4']}",
                        "en-US": "@{outputs('Get_UpdateRequest_row_by_ID')?['body/occt_occ_featuredingredientasset4']}",
                        "en-CA": "@{outputs('Get_UpdateRequest_row_by_ID')?['body/occt_occ_featuredingredientasset4']}"
                      },
                      "c_OCC_featuredIngredientAsset5": {
                        "default": "@{outputs('Get_UpdateRequest_row_by_ID')?['body/occt_occ_featuredingredientasset5']}",
                        "en-US": "@{outputs('Get_UpdateRequest_row_by_ID')?['body/occt_occ_featuredingredientasset5']}",
                        "en-CA": "@{outputs('Get_UpdateRequest_row_by_ID')?['body/occt_occ_featuredingredientasset5']}"
                      },
                      "c_OCC_perfumeryBaseNote": {
                        "default": "@{outputs('Get_UpdateRequest_row_by_ID')?['body/occt_basenote']}",
                        "en-CA": "@{outputs('Get_UpdateRequest_row_by_ID')?['body/occt_basenote']}",
                        "en-US": "@{outputs('Get_UpdateRequest_row_by_ID')?['body/occt_basenote']}"
                      },
                      "c_OCC_perfumeryHeartNote": {
                        "default": "@{outputs('Get_UpdateRequest_row_by_ID')?['body/occt_heartnote']}",
                        "en-CA": "@{outputs('Get_UpdateRequest_row_by_ID')?['body/occt_heartnote']}",
                        "en-US": "@{outputs('Get_UpdateRequest_row_by_ID')?['body/occt_heartnote']}"
                      },
                      "c_OCC_perfumeryTopNote": {
                        "default": "@{outputs('Get_UpdateRequest_row_by_ID')?['body/occt_topnote']}",
                        "en-CA": "@{outputs('Get_UpdateRequest_row_by_ID')?['body/occt_topnote']}",
                        "en-US": "@{outputs('Get_UpdateRequest_row_by_ID')?['body/occt_topnote']}"
                      },
                      "c_OCC_routineDescription": {
                        "default": {
                          "_type": "markup_text",
                          "markup": "@{outputs('Get_UpdateRequest_row_by_ID')?['body/occt_routinedescription']}",
                          "source": "@{outputs('Get_UpdateRequest_row_by_ID')?['body/occt_routinedescription']}"
                        },
                        "en-US": {
                          "_type": "markup_text",
                          "markup": "@{outputs('Get_UpdateRequest_row_by_ID')?['body/occt_routinedescription']}",
                          "source": "@{outputs('Get_UpdateRequest_row_by_ID')?['body/occt_routinedescription']}"
                        },
                        "en-CA": {
                          "_type": "markup_text",
                          "markup": "@{outputs('Get_UpdateRequest_row_by_ID')?['body/occt_routinedescription']}",
                          "source": "@{outputs('Get_UpdateRequest_row_by_ID')?['body/occt_routinedescription']}"
                        }
                      },
                      "c_OCC_routineProducts": {
                        "default": "@if(equals(outputs('Get_UpdateRequest_row_by_ID')?['body/occt_routineproducts'], null),null, split(outputs('Get_UpdateRequest_row_by_ID')?['body/occt_routineproducts'], ';'))",
                        "default@OCC_US": "@if(equals(outputs('Get_UpdateRequest_row_by_ID')?['body/occt_routineproducts'], null),null, split(outputs('Get_UpdateRequest_row_by_ID')?['body/occt_routineproducts'], ';'))",
                        "default@OCC_CA": "@if(equals(outputs('Get_UpdateRequest_row_by_ID')?['body/occt_routineproducts'], null),null, split(outputs('Get_UpdateRequest_row_by_ID')?['body/occt_routineproducts'], ';'))"
                      },
                      "c_OCC_routineProductsMainActions": {
                        "default": "@if(equals(outputs('Get_UpdateRequest_row_by_ID')?['body/occt_routineproductsmainactions'], null),null, split(outputs('Get_UpdateRequest_row_by_ID')?['body/occt_routineproductsmainactions'], ';'))",
                        "en-CA": "@if(equals(outputs('Get_UpdateRequest_row_by_ID')?['body/occt_routineproductsmainactions'], null),null, split(outputs('Get_UpdateRequest_row_by_ID')?['body/occt_routineproductsmainactions'], ';'))",
                        "en-US": "@if(equals(outputs('Get_UpdateRequest_row_by_ID')?['body/occt_routineproductsmainactions'], null),null, split(outputs('Get_UpdateRequest_row_by_ID')?['body/occt_routineproductsmainactions'], ';'))"
                      },
                      "c_OCC_routineTitleDescription": {
                        "default": {
                          "_type": "markup_text",
                          "markup": "@{outputs('Get_UpdateRequest_row_by_ID')?['body/occt_routinetitledescription']}",
                          "source": "@{outputs('Get_UpdateRequest_row_by_ID')?['body/occt_routinetitledescription']}"
                        },
                        "en-US": {
                          "_type": "markup_text",
                          "markup": "@{outputs('Get_UpdateRequest_row_by_ID')?['body/occt_routinetitledescription']}",
                          "source": "@{outputs('Get_UpdateRequest_row_by_ID')?['body/occt_routinetitledescription']}"
                        },
                        "en-CA": {
                          "_type": "markup_text",
                          "markup": "@{outputs('Get_UpdateRequest_row_by_ID')?['body/occt_routinetitledescription']}",
                          "source": "@{outputs('Get_UpdateRequest_row_by_ID')?['body/occt_routinetitledescription']}"
                        }
                      },
                      "c_OCC_testResultDescriptions": {
                        "default": "@if(equals(outputs('Get_UpdateRequest_row_by_ID')?['body/occt_testresultdescription'], null),null, split(outputs('Get_UpdateRequest_row_by_ID')?['body/occt_testresultdescription'], ';'))",
                        "en-CA": "@if(equals(outputs('Get_UpdateRequest_row_by_ID')?['body/occt_testresultdescription'], null),null, split(outputs('Get_UpdateRequest_row_by_ID')?['body/occt_testresultdescription'], ';'))",
                        "en-US": "@if(equals(outputs('Get_UpdateRequest_row_by_ID')?['body/occt_testresultdescription'], null),null, split(outputs('Get_UpdateRequest_row_by_ID')?['body/occt_testresultdescription'], ';'))"
                      },
                      "c_OCC_testResultDisclaimers": {
                        "default": "@if(equals(outputs('Get_UpdateRequest_row_by_ID')?['body/occt_testresultdisclaimer'], null),null, split(outputs('Get_UpdateRequest_row_by_ID')?['body/occt_testresultdisclaimer'], ';'))",
                        "en-CA": "@if(equals(outputs('Get_UpdateRequest_row_by_ID')?['body/occt_testresultdisclaimer'], null),null, split(outputs('Get_UpdateRequest_row_by_ID')?['body/occt_testresultdisclaimer'], ';'))",
                        "en-US": "@if(equals(outputs('Get_UpdateRequest_row_by_ID')?['body/occt_testresultdisclaimer'], null),null, split(outputs('Get_UpdateRequest_row_by_ID')?['body/occt_testresultdisclaimer'], ';'))"
                      },
                      "c_OCC_testResultTitle": {
                        "default": "Test Results",
                        "en-US": "Test Results",
                        "en-CA": "Test Results"
                      },
                      "c_OCC_testResultValues": {
                        "default": "@coalesce(outputs('Get_UpdateRequest_row_by_ID')?['body/occt_testresultvalue'], null)",
                        "en-CA": "@coalesce(outputs('Get_UpdateRequest_row_by_ID')?['body/occt_testresultvalue'], null)",
                        "en-US": "@coalesce(outputs('Get_UpdateRequest_row_by_ID')?['body/occt_testresultvalue'], null)"
                      }
                    }
                  },
                  "runAfter": {
                    "Condition": [
                      "Succeeded"
                    ]
                  },
                  "metadata": {
                    "operationMetadataId": "d75083ca-880e-487d-9cd9-165d28b77675"
                  }
                },
                "Condition": {
                  "type": "If",
                  "expression": {
                    "and": [
                      {
                        "greater": [
                          "@length(outputs('Compose-featuredING'))",
                          0
                        ]
                      }
                    ]
                  },
                  "actions": {
                    "Apply-UpdatesToFID": {
                      "type": "Foreach",
                      "foreach": "@outputs('Compose-featuredING')",
                      "actions": {
                        "Update_FeaturedIngDescription": {
                          "type": "Http",
                          "inputs": {
                            "uri": "https://devna.loccitane.com/s/-/dw/data/v21_10/libraries/OCC_SharedLibrary/content/@{item()?['FIA']}",
                            "method": "PATCH",
                            "headers": {
                              "Authorization": "Bearer @{body('Run_a_Child_Flow')?['accesstoken']}"
                            },
                            "body": {
                              "c_body": {
                                "default": {
                                  "_type": "markup_text",
                                  "markup": "@{item()?['FID']}",
                                  "source": "@{item()?['FID']}"
                                },
                                "en-US": {
                                  "_type": "markup_text",
                                  "markup": "@{item()?['FID']}",
                                  "source": "@{item()?['FID']}"
                                },
                                "en-CA": {
                                  "_type": "markup_text",
                                  "markup": "@{item()?['FID']}",
                                  "source": "@{item()?['FID']}"
                                }
                              }
                            }
                          },
                          "runtimeConfiguration": {
                            "contentTransfer": {
                              "transferMode": "Chunked"
                            }
                          },
                          "metadata": {
                            "operationMetadataId": "c01eb2ac-6bcb-45f3-a453-dd3ffe072cff"
                          }
                        }
                      },
                      "runtimeConfiguration": {
                        "concurrency": {
                          "repetitions": 50
                        }
                      },
                      "metadata": {
                        "operationMetadataId": "61d164c7-ae1a-48b0-85b1-bad54d1cf9a2"
                      }
                    }
                  },
                  "else": {
                    "actions": {}
                  },
                  "metadata": {
                    "operationMetadataId": "0c155c7c-f9f8-4791-baf1-4d94b9ecf58b"
                  }
                }
              },
              "case": "default"
            },
            "Caseen-US": {
              "actions": {
                "HTTPLocalEnUS": {
                  "type": "Http",
                  "inputs": {
                    "uri": "@{parameters('var (occt_varPushToSFCCEndpoint)')}@{triggerBody()['text_1']}",
                    "method": "PATCH",
                    "headers": {
                      "Authorization": "Bearer @{body('Run_a_Child_Flow')?['accesstoken']}"
                    },
                    "body": {
                      "id": "@{triggerBody()['text_1']}",
                      "owning_catalog_id": "occ_master",
                      "c_OCC_eyebrow": {
                        "en-US": "@if(equals(outputs('Get_UpdateRequest_row_by_ID')?['body/occt_eyebrow'], null),null, split(outputs('Get_UpdateRequest_row_by_ID')?['body/occt_eyebrow'], ','))"
                      },
                      "c_OCC_tagLine": {
                        "en-US": "@{outputs('Get_UpdateRequest_row_by_ID')?['body/occt_attentioncatcher']}"
                      },
                      "c_OCC_applicationArea": {
                        "en-US": {
                          "_type": "markup_text",
                          "markup": "@{outputs('Get_UpdateRequest_row_by_ID')?['body/occt_howtoapply']}",
                          "source": "@{outputs('Get_UpdateRequest_row_by_ID')?['body/occt_howtoapply']}"
                        }
                      },
                      "master": "@ json(string(if(empty(outputs('Get_UpdateRequest_row_by_ID')?['body/occt_master']),'null',concat('{','\"master_id\": ',outputs('Get_UpdateRequest_row_by_ID')?['body/occt_master'],'}'))))",
                      "c_OCC_formulatedWithout": {
                        "en-US": "@if(equals(outputs('Get_UpdateRequest_row_by_ID')?['body/occt_formulatedwithout'], null),null, split(outputs('Get_UpdateRequest_row_by_ID')?['body/occt_formulatedwithout'], ','))"
                      },
                      "c_OCC_featuredIngredientAsset1": {
                        "en-US": "@{outputs('Get_UpdateRequest_row_by_ID')?['body/occt_occ_featuredingredientasset1']}"
                      },
                      "c_OCC_featuredIngredientAsset2": {
                        "en-US": "@{outputs('Get_UpdateRequest_row_by_ID')?['body/occt_occ_featuredingredientasset2']}"
                      },
                      "c_OCC_featuredIngredientAsset3": {
                        "en-US": "@{outputs('Get_UpdateRequest_row_by_ID')?['body/occt_occ_featuredingredientasset3']}"
                      },
                      "c_OCC_featuredIngredientAsset4": {
                        "en-US": "@{outputs('Get_UpdateRequest_row_by_ID')?['body/occt_occ_featuredingredientasset4']}"
                      },
                      "c_OCC_featuredIngredientAsset5": {
                        "en-US": "@{outputs('Get_UpdateRequest_row_by_ID')?['body/occt_occ_featuredingredientasset5']}"
                      },
                      "c_OCC_perfumeryBaseNote": {
                        "en-US": "@{outputs('Get_UpdateRequest_row_by_ID')?['body/occt_basenote']}"
                      },
                      "c_OCC_perfumeryHeartNote": {
                        "en-US": "@{outputs('Get_UpdateRequest_row_by_ID')?['body/occt_heartnote']}"
                      },
                      "c_OCC_perfumeryTopNote": {
                        "en-US": "@{outputs('Get_UpdateRequest_row_by_ID')?['body/occt_topnote']}"
                      },
                      "c_OCC_routineDescription": {
                        "en-US": {
                          "_type": "markup_text",
                          "markup": "@{outputs('Get_UpdateRequest_row_by_ID')?['body/occt_routinedescription']}",
                          "source": "@{outputs('Get_UpdateRequest_row_by_ID')?['body/occt_routinedescription']}"
                        }
                      },
                      "c_OCC_routineProducts": {
                        "default@OCC_US": "@if(equals(outputs('Get_UpdateRequest_row_by_ID')?['body/occt_routineproducts'], null),null, split(outputs('Get_UpdateRequest_row_by_ID')?['body/occt_routineproducts'], ','))"
                      },
                      "c_OCC_routineProductsMainActions": {
                        "en-US": "@if(equals(outputs('Get_UpdateRequest_row_by_ID')?['body/occt_routineproductsmainactions'], null),null, split(outputs('Get_UpdateRequest_row_by_ID')?['body/occt_routineproductsmainactions'], ','))"
                      },
                      "c_OCC_routineTitleDescription": {
                        "en-US": {
                          "_type": "markup_text",
                          "markup": "@{outputs('Get_UpdateRequest_row_by_ID')?['body/occt_routinetitledescription']}",
                          "source": "@{outputs('Get_UpdateRequest_row_by_ID')?['body/occt_routinetitledescription']}"
                        }
                      },
                      "c_OCC_testResultDescriptions": {
                        "en-US": "@if(equals(outputs('Get_UpdateRequest_row_by_ID')?['body/occt_testresultdescription'], null),null, split(outputs('Get_UpdateRequest_row_by_ID')?['body/occt_testresultdescription'], ';'))"
                      },
                      "c_OCC_testResultDisclaimers": {
                        "en-US": "@if(equals(outputs('Get_UpdateRequest_row_by_ID')?['body/occt_testresultdisclaimer'], null),null, split(outputs('Get_UpdateRequest_row_by_ID')?['body/occt_testresultdisclaimer'], ';'))"
                      },
                      "c_OCC_testResultTitle": {
                        "en-US": "Test Results"
                      },
                      "c_OCC_testResultValues": {
                        "en-US": "@{outputs('Get_UpdateRequest_row_by_ID')?['body/occt_testresultvalue']}"
                      }
                    }
                  },
                  "metadata": {
                    "operationMetadataId": "6dac60ad-f727-4acf-891a-7462ea415414"
                  }
                }
              },
              "case": "en-US"
            },
            "Caseen-CA": {
              "actions": {
                "HTTPLocalEnCA": {
                  "type": "Http",
                  "inputs": {
                    "uri": "@{parameters('var (occt_varPushToSFCCEndpoint)')}@{triggerBody()['text_1']}",
                    "method": "PATCH",
                    "headers": {
                      "Authorization": "Bearer @{body('Run_a_Child_Flow')?['accesstoken']}"
                    },
                    "body": {
                      "id": "@{triggerBody()['text_1']}",
                      "owning_catalog_id": "occ_master",
                      "c_OCC_eyebrow": {
                        "en-CA": "@if(equals(outputs('Get_UpdateRequest_row_by_ID')?['body/occt_eyebrow'], null),null, split(outputs('Get_UpdateRequest_row_by_ID')?['body/occt_eyebrow'], ','))"
                      },
                      "c_OCC_tagLine": {
                        "en-CA": "@{outputs('Get_UpdateRequest_row_by_ID')?['body/occt_attentioncatcher']}"
                      },
                      "c_OCC_applicationArea": {
                        "en-CA": {
                          "_type": "markup_text",
                          "markup": "@{outputs('Get_UpdateRequest_row_by_ID')?['body/occt_howtoapply']}",
                          "source": "@{outputs('Get_UpdateRequest_row_by_ID')?['body/occt_howtoapply']}"
                        }
                      },
                      "master": "@ json(string(if(empty(outputs('Get_UpdateRequest_row_by_ID')?['body/occt_master']),'null',concat('{','\"master_id\": ',outputs('Get_UpdateRequest_row_by_ID')?['body/occt_master'],'}'))))",
                      "c_OCC_formulatedWithout": {
                        "en-CA": "@if(equals(outputs('Get_UpdateRequest_row_by_ID')?['body/occt_formulatedwithout'], null),null, split(outputs('Get_UpdateRequest_row_by_ID')?['body/occt_formulatedwithout'], ','))"
                      },
                      "c_OCC_featuredIngredientAsset1": {
                        "en-CA": "@{outputs('Get_UpdateRequest_row_by_ID')?['body/occt_occ_featuredingredientasset1']}"
                      },
                      "c_OCC_featuredIngredientAsset2": {
                        "en-CA": "@{outputs('Get_UpdateRequest_row_by_ID')?['body/occt_occ_featuredingredientasset2']}"
                      },
                      "c_OCC_featuredIngredientAsset3": {
                        "en-CA": "@{outputs('Get_UpdateRequest_row_by_ID')?['body/occt_occ_featuredingredientasset3']}"
                      },
                      "c_OCC_featuredIngredientAsset4": {
                        "en-CA": "@{outputs('Get_UpdateRequest_row_by_ID')?['body/occt_occ_featuredingredientasset4']}"
                      },
                      "c_OCC_featuredIngredientAsset5": {
                        "en-CA": "@{outputs('Get_UpdateRequest_row_by_ID')?['body/occt_occ_featuredingredientasset5']}"
                      },
                      "c_OCC_perfumeryBaseNote": {
                        "en-CA": "@{outputs('Get_UpdateRequest_row_by_ID')?['body/occt_basenote']}"
                      },
                      "c_OCC_perfumeryHeartNote": {
                        "en-CA": "@{outputs('Get_UpdateRequest_row_by_ID')?['body/occt_heartnote']}"
                      },
                      "c_OCC_perfumeryTopNote": {
                        "en-CA": "@{outputs('Get_UpdateRequest_row_by_ID')?['body/occt_topnote']}"
                      },
                      "c_OCC_routineDescription": {
                        "en-CA": {
                          "_type": "markup_text",
                          "markup": "@{outputs('Get_UpdateRequest_row_by_ID')?['body/occt_routinedescription']}",
                          "source": "@{outputs('Get_UpdateRequest_row_by_ID')?['body/occt_routinedescription']}"
                        }
                      },
                      "c_OCC_routineProducts": {
                        "default@OCC_CA": "@if(equals(outputs('Get_UpdateRequest_row_by_ID')?['body/occt_routineproducts'], null),null, split(outputs('Get_UpdateRequest_row_by_ID')?['body/occt_routineproducts'], ','))"
                      },
                      "c_OCC_routineProductsMainActions": {
                        "en-CA": "@if(equals(outputs('Get_UpdateRequest_row_by_ID')?['body/occt_routineproductsmainactions'], null),null, split(outputs('Get_UpdateRequest_row_by_ID')?['body/occt_routineproductsmainactions'], ','))"
                      },
                      "c_OCC_routineTitleDescription": {
                        "en-CA": {
                          "_type": "markup_text",
                          "markup": "@{outputs('Get_UpdateRequest_row_by_ID')?['body/occt_routinetitledescription']}",
                          "source": "@{outputs('Get_UpdateRequest_row_by_ID')?['body/occt_routinetitledescription']}"
                        }
                      },
                      "c_OCC_testResultDescriptions": {
                        "en-CA": "@if(equals(outputs('Get_UpdateRequest_row_by_ID')?['body/occt_testresultdescription'], null),null, split(outputs('Get_UpdateRequest_row_by_ID')?['body/occt_testresultdescription'], ';'))"
                      },
                      "c_OCC_testResultDisclaimers": {
                        "en-CA": "@if(equals(outputs('Get_UpdateRequest_row_by_ID')?['body/occt_testresultdisclaimer'], null),null, split(outputs('Get_UpdateRequest_row_by_ID')?['body/occt_testresultdisclaimer'], ';'))"
                      },
                      "c_OCC_testResultTitle": {
                        "en-CA": "RÉSULTATS DES TESTS"
                      },
                      "c_OCC_testResultValues": {
                        "en-CA": "@{outputs('Get_UpdateRequest_row_by_ID')?['body/occt_testresultvalue']}"
                      }
                    }
                  },
                  "metadata": {
                    "operationMetadataId": "285e67ef-a718-415c-88b4-f29772488492"
                  }
                }
              },
              "case": "en-CA"
            },
            "Casefr-CA": {
              "actions": {
                "HTTPLocalFrCA": {
                  "type": "Http",
                  "inputs": {
                    "uri": "@{parameters('var (occt_varPushToSFCCEndpoint)')}@{triggerBody()['text_1']}",
                    "method": "PATCH",
                    "headers": {
                      "Authorization": "Bearer @{body('Run_a_Child_Flow')?['accesstoken']}"
                    },
                    "body": {
                      "id": "@{triggerBody()['text_1']}",
                      "owning_catalog_id": "occ_master",
                      "c_OCC_eyebrow": {
                        "fr-CA": "@if(equals(outputs('Get_UpdateRequest_row_by_ID')?['body/occt_eyebrow'], null),null, split(outputs('Get_UpdateRequest_row_by_ID')?['body/occt_eyebrow'], ','))"
                      },
                      "c_OCC_tagLine": {
                        "fr-CA": "@{outputs('Get_UpdateRequest_row_by_ID')?['body/occt_attentioncatcher']}"
                      },
                      "c_OCC_applicationArea": {
                        "fr-CA": {
                          "_type": "markup_text",
                          "markup": "@{outputs('Get_UpdateRequest_row_by_ID')?['body/occt_howtoapply']}",
                          "source": "@{outputs('Get_UpdateRequest_row_by_ID')?['body/occt_howtoapply']}"
                        }
                      },
                      "master": "@ json(string(if(empty(outputs('Get_UpdateRequest_row_by_ID')?['body/occt_master']),'null',concat('{','\"master_id\": ',outputs('Get_UpdateRequest_row_by_ID')?['body/occt_master'],'}'))))",
                      "c_OCC_formulatedWithout": {
                        "fr-CA": "@if(equals(outputs('Get_UpdateRequest_row_by_ID')?['body/occt_formulatedwithout'], null),null, split(outputs('Get_UpdateRequest_row_by_ID')?['body/occt_formulatedwithout'], ','))"
                      },
                      "c_OCC_inci": {
                        "fr-CA": "@{outputs('Get_UpdateRequest_row_by_ID')?['body/occt_inci']}"
                      },
                      "c_OCC_featuredIngredientAsset1": {
                        "fr-CA": "@{outputs('Get_UpdateRequest_row_by_ID')?['body/occt_occ_featuredingredientasset1']}"
                      },
                      "c_OCC_featuredIngredientAsset2": {
                        "fr-CA": "@{outputs('Get_UpdateRequest_row_by_ID')?['body/occt_occ_featuredingredientasset2']}"
                      },
                      "c_OCC_featuredIngredientAsset3": {
                        "fr-CA": "@{outputs('Get_UpdateRequest_row_by_ID')?['body/occt_occ_featuredingredientasset3']}"
                      },
                      "c_OCC_featuredIngredientAsset4": {
                        "fr-CA": "@{outputs('Get_UpdateRequest_row_by_ID')?['body/occt_occ_featuredingredientasset4']}"
                      },
                      "c_OCC_featuredIngredientAsset5": {
                        "fr-CA": "@{outputs('Get_UpdateRequest_row_by_ID')?['body/occt_occ_featuredingredientasset5']}"
                      },
                      "c_OCC_perfumeryBaseNote": {
                        "fr-CA": "@{outputs('Get_UpdateRequest_row_by_ID')?['body/occt_basenote']}"
                      },
                      "c_OCC_perfumeryHeartNote": {
                        "fr-CA": "@{outputs('Get_UpdateRequest_row_by_ID')?['body/occt_heartnote']}"
                      },
                      "c_OCC_perfumeryTopNote": {
                        "fr-CA": "@{outputs('Get_UpdateRequest_row_by_ID')?['body/occt_topnote']}"
                      },
                      "c_OCC_routineDescription": {
                        "fr-CA": {
                          "_type": "markup_text",
                          "markup": "@{outputs('Get_UpdateRequest_row_by_ID')?['body/occt_routinedescription']}",
                          "source": "@{outputs('Get_UpdateRequest_row_by_ID')?['body/occt_routinedescription']}"
                        }
                      },
                      "c_OCC_routineProducts": {
                        "fdefault@OCC_CA": "@if(equals(outputs('Get_UpdateRequest_row_by_ID')?['body/occt_routineproducts'], null),null, split(outputs('Get_UpdateRequest_row_by_ID')?['body/occt_routineproducts'], ','))"
                      },
                      "c_OCC_routineProductsMainActions": {
                        "fr-CA": "@if(equals(outputs('Get_UpdateRequest_row_by_ID')?['body/occt_routineproductsmainactions'], null),null, split(outputs('Get_UpdateRequest_row_by_ID')?['body/occt_routineproductsmainactions'], ','))"
                      },
                      "c_OCC_routineTitleDescription": {
                        "fr-CA": {
                          "_type": "markup_text",
                          "markup": "@{outputs('Get_UpdateRequest_row_by_ID')?['body/occt_routinetitledescription']}",
                          "source": "@{outputs('Get_UpdateRequest_row_by_ID')?['body/occt_routinetitledescription']}"
                        }
                      },
                      "c_OCC_testResultDescriptions": {
                        "fr-CA": "@if(equals(outputs('Get_UpdateRequest_row_by_ID')?['body/occt_testresultdescription'], null),null, split(outputs('Get_UpdateRequest_row_by_ID')?['body/occt_testresultdescription'], ';'))"
                      },
                      "c_OCC_testResultDisclaimers": {
                        "fr-CA": "@if(equals(outputs('Get_UpdateRequest_row_by_ID')?['body/occt_testresultdisclaimer'], null),null, split(outputs('Get_UpdateRequest_row_by_ID')?['body/occt_testresultdisclaimer'], ';'))"
                      },
                      "c_OCC_testResultTitle": {
                        "fr-CA": "RÉSULTATS DES TESTS"
                      },
                      "c_OCC_testResultValues": {
                        "fr-CA": "@{outputs('Get_UpdateRequest_row_by_ID')?['body/occt_testresultvalue']}"
                      }
                    }
                  },
                  "metadata": {
                    "operationMetadataId": "ede211b9-03be-40b5-9422-8c6ac4a34ed5"
                  }
                },
                "Condition-fr": {
                  "type": "If",
                  "expression": {
                    "and": [
                      {
                        "greater": [
                          "@length(outputs('Compose-featuredING'))",
                          0
                        ]
                      }
                    ]
                  },
                  "actions": {
                    "Apply-UpdatesToFI-fr": {
                      "type": "Foreach",
                      "foreach": "@outputs('Compose-featuredING')",
                      "actions": {
                        "Update_FeaturedIngDescription-fr": {
                          "type": "Http",
                          "inputs": {
                            "uri": "https://devna.loccitane.com/s/-/dw/data/v21_10/libraries/OCC_SharedLibrary/content/@{item()?['FIA']}",
                            "method": "PATCH",
                            "headers": {
                              "Authorization": "Bearer @{body('Run_a_Child_Flow')?['accesstoken']}"
                            },
                            "body": {
                              "c_body": {
                                "fr-CA": {
                                  "_type": "markup_text",
                                  "markup": "@{item()?['FID']}",
                                  "source": "@{item()?['FID']}"
                                }
                              }
                            }
                          },
                          "runtimeConfiguration": {
                            "contentTransfer": {
                              "transferMode": "Chunked"
                            }
                          },
                          "metadata": {
                            "operationMetadataId": "c01eb2ac-6bcb-45f3-a453-dd3ffe072cff"
                          }
                        }
                      },
                      "runtimeConfiguration": {
                        "concurrency": {
                          "repetitions": 50
                        }
                      },
                      "metadata": {
                        "operationMetadataId": "61d164c7-ae1a-48b0-85b1-bad54d1cf9a2"
                      }
                    }
                  },
                  "else": {
                    "actions": {}
                  },
                  "runAfter": {},
                  "metadata": {
                    "operationMetadataId": "0c155c7c-f9f8-4791-baf1-4d94b9ecf58b"
                  }
                }
              },
              "case": "fr-CA"
            }
          },
          "runAfter": {
            "Compose-featuredING": [
              "Succeeded"
            ]
          },
          "metadata": {
            "operationMetadataId": "39695e16-ea20-41b7-bb92-1b3774fe36a5"
          }
        },
        "Run_a_Child_Flow": {
          "type": "Workflow",
          "inputs": {
            "host": {
              "workflowReferenceName": "4aeec937-8f34-ef11-8409-6045bdd4ccb0"
            }
          },
          "runAfter": {},
          "metadata": {
            "operationMetadataId": "bc4fc177-2183-4c2e-bf7f-53d5d45a3a20"
          }
        },
        "Get_UpdateRequest_row_by_ID": {
          "type": "OpenApiConnection",
          "inputs": {
            "parameters": {
              "entityName": "occt_updatefields",
              "recordId": "@triggerBody()['text_19']"
            },
            "host": {
              "apiId": "/providers/Microsoft.PowerApps/apis/shared_commondataserviceforapps",
              "operationId": "GetItem",
              "connectionName": "shared_commondataserviceforapps-1"
            }
          },
          "runAfter": {
            "Run_a_Child_Flow": [
              "Succeeded"
            ]
          },
          "metadata": {
            "operationMetadataId": "eec95218-52db-4044-b4a4-5af9a8843014"
          }
        },
        "Respond_to_a_Power_App_or_flow": {
          "type": "Response",
          "kind": "PowerApp",
          "inputs": {
            "schema": {
              "type": "object",
              "properties": {
                "response": {
                  "title": "Response",
                  "x-ms-dynamically-added": true,
                  "type": "string"
                }
              },
              "additionalProperties": {}
            },
            "statusCode": 200,
            "body": {
              "response": "Error request not send correctly to SFCC"
            }
          },
          "runAfter": {
            "Switch": [
              "Failed"
            ]
          },
          "metadata": {
            "operationMetadataId": "65ecafa6-ccda-48c6-8561-e1ef54b6ae28"
          }
        },
        "Respond_to_a_Power_App_or_flow_2": {
          "type": "Response",
          "kind": "PowerApp",
          "inputs": {
            "schema": {
              "type": "object",
              "properties": {
                "response": {
                  "title": "Response",
                  "x-ms-dynamically-added": true,
                  "type": "string"
                }
              },
              "additionalProperties": {}
            },
            "statusCode": 200,
            "body": {
              "response": "Your update has been successfully sent to SFCC."
            }
          },
          "runAfter": {
            "Switch": [
              "Succeeded"
            ]
          },
          "metadata": {
            "operationMetadataId": "46923887-8576-4818-9480-67c28dde0f89"
          }
        },
        "Compose-featuredING": {
          "type": "Compose",
          "inputs": "@intersection(\r\n    createArray(\r\n        json(concat('{',\r\n            '\"index\": 1,',\r\n            '\"FIA\":\"', coalesce(outputs('Get_UpdateRequest_row_by_ID')?['body/occt_occ_featuredingredientasset1'], 'empty'), '\",',\r\n            '\"FID\":\"', coalesce(outputs('Get_UpdateRequest_row_by_ID')?['body/occt_featuredingfunction1'], 'empty'), '\"',\r\n            '}'\r\n        )),\r\n        json(concat('{',\r\n            '\"index\": 2,',\r\n            '\"FIA\":\"', coalesce(outputs('Get_UpdateRequest_row_by_ID')?['body/occt_occ_featuredingredientasset2'], 'empty'), '\",',\r\n            '\"FID\":\"', coalesce(outputs('Get_UpdateRequest_row_by_ID')?['body/occt_featuredingfunction2'], 'empty'), '\"',\r\n            '}'\r\n        )),\r\n        json(concat('{',\r\n            '\"index\": 3,',\r\n            '\"FIA\":\"', coalesce(outputs('Get_UpdateRequest_row_by_ID')?['body/occt_occ_featuredingredientasset3'], 'empty'), '\",',\r\n            '\"FID\":\"', coalesce(outputs('Get_UpdateRequest_row_by_ID')?['body/occt_featuredingfunction3'], 'empty'), '\"',\r\n            '}'\r\n        )),\r\n        json(concat('{',\r\n            '\"index\": 4,',\r\n            '\"FIA\":\"', coalesce(outputs('Get_UpdateRequest_row_by_ID')?['body/occt_occ_featuredingredientasset4'], 'empty'), '\",',\r\n            '\"FID\":\"', coalesce(outputs('Get_UpdateRequest_row_by_ID')?['body/occt_featuredingfunction4'], 'empty'), '\"',\r\n            '}'\r\n        )),\r\n        json(concat('{',\r\n            '\"index\": 5,',\r\n            '\"FIA\":\"', coalesce(outputs('Get_UpdateRequest_row_by_ID')?['body/occt_occ_featuredingredientasset5'], 'empty'), '\",',\r\n            '\"FID\":\"', coalesce(outputs('Get_UpdateRequest_row_by_ID')?['body/occt_featuredingfunction5'], 'empty'), '\"',\r\n            '}'\r\n        ))\r\n    ),\r\n    createArray(\r\n        json(concat('{',\r\n            '\"index\": 1,',\r\n            '\"FIA\":\"', outputs('Get_UpdateRequest_row_by_ID')?['body/occt_occ_featuredingredientasset1'], '\",',\r\n            '\"FID\":\"', outputs('Get_UpdateRequest_row_by_ID')?['body/occt_featuredingfunction1'], '\"',\r\n            '}'\r\n        )),\r\n        json(concat('{',\r\n            '\"index\": 2,',\r\n            '\"FIA\":\"', outputs('Get_UpdateRequest_row_by_ID')?['body/occt_occ_featuredingredientasset2'], '\",',\r\n            '\"FID\":\"', outputs('Get_UpdateRequest_row_by_ID')?['body/occt_featuredingfunction2'], '\"',\r\n            '}'\r\n        )),\r\n        json(concat('{',\r\n            '\"index\": 3,',\r\n            '\"FIA\":\"', outputs('Get_UpdateRequest_row_by_ID')?['body/occt_occ_featuredingredientasset3'], '\",',\r\n            '\"FID\":\"', outputs('Get_UpdateRequest_row_by_ID')?['body/occt_featuredingfunction3'], '\"',\r\n            '}'\r\n        )),\r\n        json(concat('{',\r\n            '\"index\": 4,',\r\n            '\"FIA\":\"', outputs('Get_UpdateRequest_row_by_ID')?['body/occt_occ_featuredingredientasset4'], '\",',\r\n            '\"FID\":\"', outputs('Get_UpdateRequest_row_by_ID')?['body/occt_featuredingfunction4'], '\"',\r\n            '}'\r\n        )),\r\n        json(concat('{',\r\n            '\"index\": 5,',\r\n            '\"FIA\":\"', outputs('Get_UpdateRequest_row_by_ID')?['body/occt_occ_featuredingredientasset5'], '\",',\r\n            '\"FID\":\"', outputs('Get_UpdateRequest_row_by_ID')?['body/occt_featuredingfunction5'], '\"',\r\n            '}'\r\n        ))\r\n    )\r\n)",
          "runAfter": {
            "Get_UpdateRequest_row_by_ID": [
              "Succeeded"
            ]
          },
          "metadata": {
            "operationMetadataId": "7913be2a-e81e-4de4-bd96-0a37014a08b0"
          }
        }
      },
      "outputs": {}
    },
    "templateName": null
  },
  "schemaVersion": "1.0.0.0"
}