{
  "properties": {
    "connectionReferences": {
      "shared_commondataserviceforapps-1": {
        "runtimeSource": "embedded",
        "connection": {
          "connectionReferenceLogicalName": "new_sharedcommondataserviceforapps_545ca"
        },
        "api": {
          "name": "shared_commondataserviceforapps"
        }
      }
    },
    "definition": {
      "$schema": "https://schema.management.azure.com/providers/Microsoft.Logic/schemas/2016-06-01/workflowdefinition.json#",
      "contentVersion": "1.0.0.0",
      "parameters": {
        "$connections": {
          "defaultValue": {},
          "type": "Object"
        },
        "$authentication": {
          "defaultValue": {},
          "type": "SecureObject"
        },
        "var (occt_varPushToSFCCEndpoint)": {
          "defaultValue": "https://devna.loccitane.com/s/-/dw/data/v21_10/products/",
          "type": "String",
          "metadata": {
            "schemaName": "occt_varPushToSFCCEndpoint"
          }
        },
        "varSFCCApiEndpoint (occt_varSFCCApiEndpoint)": {
          "defaultValue": "https://devna.loccitane.com/s/-/dw/data/v21_10/products/",
          "type": "String",
          "metadata": {
            "schemaName": "occt_varSFCCApiEndpoint"
          }
        },
        "varSFCCWebDavEndpoint (occt_varSFCCWebDavEndpoint)": {
          "defaultValue": "https://development-na02-loccitane.demandware.net/on/demandware.servlet/webdav/Sites/Impex/src/products/catalogease/",
          "type": "String",
          "metadata": {
            "schemaName": "occt_varSFCCWebDavEndpoint"
          }
        },
        "varSFCCWebDavToken (occt_varSFCCWebDavToken)": {
          "defaultValue": "Basic dGltb3RoeS5sYXdsb3JAbG9jY2l0YW5lLmNvbTo0aUstbmU9czd8fShvciQsXSpsaH1DL1JZfFVTZS1raigkMVlyT3Zv",
          "type": "String",
          "metadata": {
            "schemaName": "occt_varSFCCWebDavToken"
          }
        }
      },
      "triggers": {
        "manual": {
          "metadata": {
            "operationMetadataId": "e2b9c6c1-e21c-4793-b782-36215f16f6a0"
          },
          "type": "Request",
          "kind": "PowerAppV2",
          "inputs": {
            "schema": {
              "type": "object",
              "properties": {
                "text": {
                  "title": "local",
                  "type": "string",
                  "x-ms-dynamically-added": true,
                  "description": "Please enter your input",
                  "x-ms-content-hint": "TEXT"
                },
                "text_1": {
                  "title": "sku",
                  "type": "string",
                  "x-ms-dynamically-added": true,
                  "description": "Please enter your input",
                  "x-ms-content-hint": "TEXT"
                },
                "text_2": {
                  "title": "UpdateRequestGuid",
                  "type": "string",
                  "x-ms-dynamically-added": true,
                  "description": "Please enter your input",
                  "x-ms-content-hint": "TEXT"
                }
              },
              "required": [
                "text",
                "text_1",
                "text_2"
              ]
            }
          }
        }
      },
      "actions": {
        "Run_a_Child_Flow": {
          "runAfter": {},
          "metadata": {
            "operationMetadataId": "bc4fc177-2183-4c2e-bf7f-53d5d45a3a20"
          },
          "type": "Workflow",
          "inputs": {
            "host": {
              "workflowReferenceName": "4aeec937-8f34-ef11-8409-6045bdd4ccb0"
            }
          }
        },
        "Switch": {
          "runAfter": {
            "Compose-featuredING": [
              "Succeeded"
            ]
          },
          "cases": {
            "Casedefault": {
              "case": "default",
              "actions": {
                "HTTPLocalKitDefault": {
                  "runAfter": {
                    "Condition": [
                      "Succeeded"
                    ]
                  },
                  "metadata": {
                    "operationMetadataId": "3885b31b-1ea3-4cb9-ba96-c2aa43658682"
                  },
                  "type": "Http",
                  "inputs": {
                    "method": "@if(equals(outputs('SFCC_Check_SKU_Exists')?['statusCode'],200),'PATCH','PUT')",
                    "uri": "@{parameters('var (occt_varPushToSFCCEndpoint)')}@{triggerBody()['text_1']}",
                    "headers": {
                      "Authorization": "Bearer @{body('Run_a_Child_Flow')?['accesstoken']}"
                    },
                    "body": {
                      "ean": "@{outputs('Get_UpdateRequest_row_by_ID')?['body/occt_ean']}",
                      "id": "@{outputs('Get_UpdateRequest_row_by_ID')?['body/occt_sku']}",
                      "long_description": {
                        "default": {
                          "_type": "markup_text",
                          "markup": "@{outputs('Get_UpdateRequest_row_by_ID')?['body/occt_description']}",
                          "source": "@{outputs('Get_UpdateRequest_row_by_ID')?['body/occt_description']}"
                        },
                        "en-US": {
                          "_type": "markup_text",
                          "markup": "@{outputs('Get_UpdateRequest_row_by_ID')?['body/occt_description']}",
                          "source": "@{outputs('Get_UpdateRequest_row_by_ID')?['body/occt_description']}"
                        },
                        "en-CA": {
                          "_type": "markup_text",
                          "markup": "@{outputs('Get_UpdateRequest_row_by_ID')?['body/occt_description']}",
                          "source": "@{outputs('Get_UpdateRequest_row_by_ID')?['body/occt_description']}"
                        }
                      },
                      "name": {
                        "default": "@{outputs('Get_UpdateRequest_row_by_ID')?['body/occt_name']}",
                        "en-US": "@{outputs('Get_UpdateRequest_row_by_ID')?['body/occt_name']}",
                        "en-CA": "@{outputs('Get_UpdateRequest_row_by_ID')?['body/occt_name']}"
                      },
                      "online_flag": {
                        "default": false,
                        "default@OCC_CA": false,
                        "default@OCC_US": false
                      },
                      "owning_catalog_id": "occ_master",
                      "page_description": {
                        "default": "@{outputs('Get_UpdateRequest_row_by_ID')?['body/occt_pagedescription']}",
                        "en-US": "@{outputs('Get_UpdateRequest_row_by_ID')?['body/occt_pagedescription']}",
                        "en-CA": "@{outputs('Get_UpdateRequest_row_by_ID')?['body/occt_pagedescription']}"
                      },
                      "page_title": {
                        "default": "@{outputs('Get_UpdateRequest_row_by_ID')?['body/occt_pagetitle']}",
                        "en-US": "@{outputs('Get_UpdateRequest_row_by_ID')?['body/occt_pagetitle']}",
                        "en-CA": "@{outputs('Get_UpdateRequest_row_by_ID')?['body/occt_pagetitle']}"
                      },
                      "searchable": {
                        "default": false,
                        "default@OCC_CA": false,
                        "default@OCC_US": false
                      },
                      "c_OCC_AddToCartDisabled": {
                        "default": false
                      },
                      "c_OCC_CallCenterDescription": {
                        "default": "@{outputs('Get_UpdateRequest_row_by_ID')?['body/occt_callcenterdescription']}",
                        "en-US": "@{outputs('Get_UpdateRequest_row_by_ID')?['body/occt_callcenterdescription']}",
                        "en-CA": "@{outputs('Get_UpdateRequest_row_by_ID')?['body/occt_callcenterdescription']}"
                      },
                      "c_OCC_applicationArea": {
                        "default": {
                          "_type": "markup_text",
                          "markup": "@{outputs('Get_UpdateRequest_row_by_ID')?['body/occt_occ_applicationarea']}",
                          "source": "@{outputs('Get_UpdateRequest_row_by_ID')?['body/occt_occ_applicationarea']}"
                        },
                        "en-US": {
                          "_type": "markup_text",
                          "markup": "@{outputs('Get_UpdateRequest_row_by_ID')?['body/occt_occ_applicationarea']}",
                          "source": "@{outputs('Get_UpdateRequest_row_by_ID')?['body/occt_occ_applicationarea']}"
                        },
                        "en-CA": {
                          "_type": "markup_text",
                          "markup": "@{outputs('Get_UpdateRequest_row_by_ID')?['body/occt_occ_applicationarea']}",
                          "source": "@{outputs('Get_UpdateRequest_row_by_ID')?['body/occt_occ_applicationarea']}"
                        }
                      },
                      "c_OCC_brand": {
                        "default": "@{outputs('Get_UpdateRequest_row_by_ID')?['body/occt_brand']}",
                        "en-US": "@{outputs('Get_UpdateRequest_row_by_ID')?['body/occt_brand']}",
                        "en-CA": "@{outputs('Get_UpdateRequest_row_by_ID')?['body/occt_brand']}"
                      },
                      "c_OCC_departmentNumber": "@{outputs('Get_UpdateRequest_row_by_ID')?['body/occt_departmentnumber']}",
                      "c_OCC_eyebrow": {
                        "default": "@if(equals(outputs('Get_UpdateRequest_row_by_ID')?['body/occt_occ_eyebrow'], null),null, split(outputs('Get_UpdateRequest_row_by_ID')?['body/occt_occ_eyebrow'], ';'))",
                        "en-US": "@if(equals(outputs('Get_UpdateRequest_row_by_ID')?['body/occt_occ_eyebrow'], null),null, split(outputs('Get_UpdateRequest_row_by_ID')?['body/occt_occ_eyebrow'], ';'))",
                        "en-CA": "@if(equals(outputs('Get_UpdateRequest_row_by_ID')?['body/occt_occ_eyebrow'], null),null, split(outputs('Get_UpdateRequest_row_by_ID')?['body/occt_occ_eyebrow'], ';'))"
                      },
                      "c_OCC_featuredIngredientAsset1": {
                        "default": "@{outputs('Get_UpdateRequest_row_by_ID')?['body/occt_occ_featuredingredientasset1']}",
                        "en-US": "@{outputs('Get_UpdateRequest_row_by_ID')?['body/occt_occ_featuredingredientasset1']}",
                        "en-CA": "@{outputs('Get_UpdateRequest_row_by_ID')?['body/occt_occ_featuredingredientasset1']}"
                      },
                      "c_OCC_featuredIngredientAsset2": {
                        "default": "@{outputs('Get_UpdateRequest_row_by_ID')?['body/occt_occ_featuredingredientasset2']}",
                        "en-US": "@{outputs('Get_UpdateRequest_row_by_ID')?['body/occt_occ_featuredingredientasset2']}",
                        "en-CA": "@{outputs('Get_UpdateRequest_row_by_ID')?['body/occt_occ_featuredingredientasset2']}"
                      },
                      "c_OCC_featuredIngredientAsset3": {
                        "default": "@{outputs('Get_UpdateRequest_row_by_ID')?['body/occt_occ_featuredingredientasset3']}",
                        "en-US": "@{outputs('Get_UpdateRequest_row_by_ID')?['body/occt_occ_featuredingredientasset3']}",
                        "en-CA": "@{outputs('Get_UpdateRequest_row_by_ID')?['body/occt_occ_featuredingredientasset3']}"
                      },
                      "c_OCC_featuredIngredientAsset4": {
                        "default": "@{outputs('Get_UpdateRequest_row_by_ID')?['body/occt_occ_featuredingredientasset4']}",
                        "en-US": "@{outputs('Get_UpdateRequest_row_by_ID')?['body/occt_occ_featuredingredientasset4']}",
                        "en-CA": "@{outputs('Get_UpdateRequest_row_by_ID')?['body/occt_occ_featuredingredientasset4']}"
                      },
                      "c_OCC_featuredIngredientAsset5": {
                        "default": "@{outputs('Get_UpdateRequest_row_by_ID')?['body/occt_occ_featuredingredientasset5']}",
                        "en-US": "@{outputs('Get_UpdateRequest_row_by_ID')?['body/occt_occ_featuredingredientasset5']}",
                        "en-CA": "@{outputs('Get_UpdateRequest_row_by_ID')?['body/occt_occ_featuredingredientasset5']}"
                      },
                      "c_OCC_collection": {
                        "default": "@if(equals(outputs('Get_UpdateRequest_row_by_ID')?['body/occt_collection'], null),null, split(outputs('Get_UpdateRequest_row_by_ID')?['body/occt_collection'], ';'))",
                        "en-US": "@if(equals(outputs('Get_UpdateRequest_row_by_ID')?['body/occt_collection'], null),null, split(outputs('Get_UpdateRequest_row_by_ID')?['body/occt_collection'], ';'))",
                        "en-CA": "@if(equals(outputs('Get_UpdateRequest_row_by_ID')?['body/occt_collection'], null),null, split(outputs('Get_UpdateRequest_row_by_ID')?['body/occt_collection'], ';'))"
                      },
                      "c_OCC_concern": {
                        "default": "@if(equals(outputs('Get_UpdateRequest_row_by_ID')?['body/occt_occ_concern'], null),null, split(outputs('Get_UpdateRequest_row_by_ID')?['body/occt_occ_concern'], ';'))",
                        "en-US": "@if(equals(outputs('Get_UpdateRequest_row_by_ID')?['body/occt_occ_concern'], null),null, split(outputs('Get_UpdateRequest_row_by_ID')?['body/occt_occ_concern'], ';'))",
                        "en-CA": "@if(equals(outputs('Get_UpdateRequest_row_by_ID')?['body/occt_occ_concern'], null),null, split(outputs('Get_UpdateRequest_row_by_ID')?['body/occt_occ_concern'], ';'))"
                      },
                      "c_OCC_texture": {
                        "default": "@if(equals(outputs('Get_UpdateRequest_row_by_ID')?['body/occt_occ_texture'], null),null, split(outputs('Get_UpdateRequest_row_by_ID')?['body/occt_occ_texture'], ';'))",
                        "en-US": "@if(equals(outputs('Get_UpdateRequest_row_by_ID')?['body/occt_occ_texture'], null),null, split(outputs('Get_UpdateRequest_row_by_ID')?['body/occt_occ_texture'], ';'))",
                        "en-CA": "@if(equals(outputs('Get_UpdateRequest_row_by_ID')?['body/occt_occ_texture'], null),null, split(outputs('Get_UpdateRequest_row_by_ID')?['body/occt_occ_texture'], ';'))"
                      },
                      "c_OCC_fragrance": {
                        "default": "@if(equals(outputs('Get_UpdateRequest_row_by_ID')?['body/occt_occ_fragrance'], null),null, split(outputs('Get_UpdateRequest_row_by_ID')?['body/occt_occ_fragrance'], ';'))",
                        "en-US": "@if(equals(outputs('Get_UpdateRequest_row_by_ID')?['body/occt_occ_fragrance'], null),null, split(outputs('Get_UpdateRequest_row_by_ID')?['body/occt_occ_fragrance'], ';'))",
                        "en-CA": "@if(equals(outputs('Get_UpdateRequest_row_by_ID')?['body/occt_occ_fragrance'], null),null, split(outputs('Get_UpdateRequest_row_by_ID')?['body/occt_occ_fragrance'], ';'))"
                      },
                      "c_OCC_inci": {
                        "default": "@{outputs('Get_UpdateRequest_row_by_ID')?['body/occt_occ_inci']}",
                        "en-US": "@{outputs('Get_UpdateRequest_row_by_ID')?['body/occt_occ_inci']}",
                        "en-CA": "@{outputs('Get_UpdateRequest_row_by_ID')?['body/occt_occ_inci']}"
                      },
                      "c_OCC_formulatedWithout": {
                        "default": "@if(equals(outputs('Get_UpdateRequest_row_by_ID')?['body/occt_formulatedwithout'], null),null, split(outputs('Get_UpdateRequest_row_by_ID')?['body/occt_formulatedwithout'], ','))",
                        "en-US": "@if(equals(outputs('Get_UpdateRequest_row_by_ID')?['body/occt_formulatedwithout'], null),null, split(outputs('Get_UpdateRequest_row_by_ID')?['body/occt_formulatedwithout'], ','))",
                        "en-CA": "@if(equals(outputs('Get_UpdateRequest_row_by_ID')?['body/occt_formulatedwithout'], null),null, split(outputs('Get_UpdateRequest_row_by_ID')?['body/occt_formulatedwithout'], ','))"
                      },
                      "c_OCC_tagLine": {
                        "default": "@{outputs('Get_UpdateRequest_row_by_ID')?['body/occt_occ_tagline']}",
                        "en-US": "@{outputs('Get_UpdateRequest_row_by_ID')?['body/occt_occ_tagline']}",
                        "en-CA": "@{outputs('Get_UpdateRequest_row_by_ID')?['body/occt_occ_tagline']}"
                      },
                      "c_OCC_webBenefits": {
                        "default": {
                          "_type": "markup_text",
                          "markup": "@{outputs('Get_UpdateRequest_row_by_ID')?['body/occt_occ_webbenefits']}",
                          "source": "@{outputs('Get_UpdateRequest_row_by_ID')?['body/occt_occ_webbenefits']}"
                        },
                        "en-CA": {
                          "_type": "markup_text",
                          "markup": "@{outputs('Get_UpdateRequest_row_by_ID')?['body/occt_occ_webbenefits']}",
                          "source": "@{outputs('Get_UpdateRequest_row_by_ID')?['body/occt_occ_webbenefits']}"
                        },
                        "en-US": {
                          "_type": "markup_text",
                          "markup": "@{outputs('Get_UpdateRequest_row_by_ID')?['body/occt_occ_webbenefits']}",
                          "source": "@{outputs('Get_UpdateRequest_row_by_ID')?['body/occt_occ_webbenefits']}"
                        }
                      },
                      "c_OCC_testResultDescriptions": {
                        "default": "@if(equals(outputs('Get_UpdateRequest_row_by_ID')?['body/occt_testresultdescription'], null),null, split(outputs('Get_UpdateRequest_row_by_ID')?['body/occt_testresultdescription'], ';'))",
                        "en-CA": "@if(equals(outputs('Get_UpdateRequest_row_by_ID')?['body/occt_testresultdescription'], null),null, split(outputs('Get_UpdateRequest_row_by_ID')?['body/occt_testresultdescription'], ';'))",
                        "en-US": "@if(equals(outputs('Get_UpdateRequest_row_by_ID')?['body/occt_testresultdescription'], null),null, split(outputs('Get_UpdateRequest_row_by_ID')?['body/occt_testresultdescription'], ';'))"
                      },
                      "c_OCC_testResultDisclaimers": {
                        "default": "@if(equals(outputs('Get_UpdateRequest_row_by_ID')?['body/occt_testresultdisclaimer'], null),null, split(outputs('Get_UpdateRequest_row_by_ID')?['body/occt_testresultdisclaimer'], ';'))",
                        "en-CA": "@if(equals(outputs('Get_UpdateRequest_row_by_ID')?['body/occt_testresultdisclaimer'], null),null, split(outputs('Get_UpdateRequest_row_by_ID')?['body/occt_testresultdisclaimer'], ';'))",
                        "en-US": "@if(equals(outputs('Get_UpdateRequest_row_by_ID')?['body/occt_testresultdisclaimer'], null),null, split(outputs('Get_UpdateRequest_row_by_ID')?['body/occt_testresultdisclaimer'], ';'))"
                      },
                      "c_OCC_testResultTitle": {
                        "default": "Test Results",
                        "en-US": "Test Results",
                        "en-CA": "Test Results"
                      },
                      "c_OCC_testResultValues": {
                        "default": "@outputs('Get_UpdateRequest_row_by_ID')?['body/occt_testresultvalue']",
                        "en-CA": "@outputs('Get_UpdateRequest_row_by_ID')?['body/occt_testresultvalue']",
                        "en-US": "@outputs('Get_UpdateRequest_row_by_ID')?['body/occt_testresultvalue']"
                      },
                      "c_OCC_routineDescription": {
                        "default": {
                          "_type": "markup_text",
                          "markup": "@{outputs('Get_UpdateRequest_row_by_ID')?['body/occt_routinedescription']}",
                          "source": "@{outputs('Get_UpdateRequest_row_by_ID')?['body/occt_routinedescription']}"
                        },
                        "en-US": {
                          "_type": "markup_text",
                          "markup": "@{outputs('Get_UpdateRequest_row_by_ID')?['body/occt_routinedescription']}",
                          "source": "@{outputs('Get_UpdateRequest_row_by_ID')?['body/occt_routinedescription']}"
                        },
                        "en-CA": {
                          "_type": "markup_text",
                          "markup": "@{outputs('Get_UpdateRequest_row_by_ID')?['body/occt_routinedescription']}",
                          "source": "@{outputs('Get_UpdateRequest_row_by_ID')?['body/occt_routinedescription']}"
                        }
                      },
                      "c_OCC_routineProducts": {
                        "default": "@if(equals(outputs('Get_UpdateRequest_row_by_ID')?['body/occt_routineproducts'], null),null, split(outputs('Get_UpdateRequest_row_by_ID')?['body/occt_routineproducts'], ';'))",
                        "default@OCC_US": "@if(equals(outputs('Get_UpdateRequest_row_by_ID')?['body/occt_routineproducts'], null),null, split(outputs('Get_UpdateRequest_row_by_ID')?['body/occt_routineproducts'], ';'))",
                        "default@OCC_CA": "@if(equals(outputs('Get_UpdateRequest_row_by_ID')?['body/occt_routineproducts'], null),null, split(outputs('Get_UpdateRequest_row_by_ID')?['body/occt_routineproducts'], ';'))"
                      },
                      "c_OCC_routineProductsMainActions": {
                        "default": "@if(equals(outputs('Get_UpdateRequest_row_by_ID')?['body/occt_routineproductsmainactions'], null),null, split(outputs('Get_UpdateRequest_row_by_ID')?['body/occt_routineproductsmainactions'], ';'))",
                        "en-CA": "@if(equals(outputs('Get_UpdateRequest_row_by_ID')?['body/occt_routineproductsmainactions'], null),null, split(outputs('Get_UpdateRequest_row_by_ID')?['body/occt_routineproductsmainactions'], ';'))",
                        "en-US": "@if(equals(outputs('Get_UpdateRequest_row_by_ID')?['body/occt_routineproductsmainactions'], null),null, split(outputs('Get_UpdateRequest_row_by_ID')?['body/occt_routineproductsmainactions'], ';'))"
                      },
                      "c_OCC_routineTitleDescription": {
                        "default": {
                          "_type": "markup_text",
                          "markup": "@{outputs('Get_UpdateRequest_row_by_ID')?['body/occt_routinetitledescription']}",
                          "source": "@{outputs('Get_UpdateRequest_row_by_ID')?['body/occt_routinetitledescription']}"
                        },
                        "en-US": {
                          "_type": "markup_text",
                          "markup": "@{outputs('Get_UpdateRequest_row_by_ID')?['body/occt_routinetitledescription']}",
                          "source": "@{outputs('Get_UpdateRequest_row_by_ID')?['body/occt_routinetitledescription']}"
                        },
                        "en-CA": {
                          "_type": "markup_text",
                          "markup": "@{outputs('Get_UpdateRequest_row_by_ID')?['body/occt_routinetitledescription']}",
                          "source": "@{outputs('Get_UpdateRequest_row_by_ID')?['body/occt_routinetitledescription']}"
                        }
                      },
                      "c_OCC_grossWeight": "@outputs('Get_UpdateRequest_row_by_ID')?['body/occt_occ_grossweight']",
                      "c_OCC_height": "@outputs('Get_UpdateRequest_row_by_ID')?['body/occt_occ_height']",
                      "c_OCC_isHazmat": "@outputs('Get_UpdateRequest_row_by_ID')?['body/occt_ishazmat']",
                      "c_OCC_length": "@outputs('Get_UpdateRequest_row_by_ID')?['body/occt_occ_length']",
                      "c_OCC_netWeight": "@outputs('Get_UpdateRequest_row_by_ID')?['body/occt_occ_netweight']",
                      "c_OCC_type": "@{outputs('Get_UpdateRequest_row_by_ID')?['body/occt_occ_type']}",
                      "c_OCC_width": "@outputs('Get_UpdateRequest_row_by_ID')?['body/occt_occ_width']",
                      "c_OCC_isVirtualKit": "@outputs('Get_UpdateRequest_row_by_ID')?['body/occt_isvirtual']"
                    }
                  }
                },
                "Condition": {
                  "actions": {
                    "Apply-UpdatesToFID": {
                      "foreach": "@outputs('Compose-featuredING')",
                      "actions": {
                        "Update_FeaturedIngDescription": {
                          "runAfter": {},
                          "metadata": {
                            "operationMetadataId": "a5b28bdb-f811-42b2-8d94-a2e6d7163850"
                          },
                          "type": "Http",
                          "inputs": {
                            "method": "PATCH",
                            "uri": "https://devna.loccitane.com/s/-/dw/data/v21_10/libraries/OCC_SharedLibrary/content/@{item()?['FIA']}",
                            "headers": {
                              "Authorization": "Bearer @{body('Run_a_Child_Flow')?['accesstoken']}"
                            },
                            "body": {
                              "c_body": {
                                "default": {
                                  "_type": "markup_text",
                                  "markup": "@{item()?['FID']}",
                                  "source": "@{item()?['FID']}"
                                },
                                "en-US": {
                                  "_type": "markup_text",
                                  "markup": "@{item()?['FID']}",
                                  "source": "@{item()?['FID']}"
                                },
                                "en-CA": {
                                  "_type": "markup_text",
                                  "markup": "@{item()?['FID']}",
                                  "source": "@{item()?['FID']}"
                                }
                              }
                            }
                          },
                          "runtimeConfiguration": {
                            "contentTransfer": {
                              "transferMode": "Chunked"
                            }
                          }
                        }
                      },
                      "runAfter": {},
                      "metadata": {
                        "operationMetadataId": "0751c45d-0138-4fc2-97e8-926d20844f08"
                      },
                      "type": "Foreach"
                    }
                  },
                  "runAfter": {},
                  "expression": {
                    "and": [
                      {
                        "greater": [
                          "@length(outputs('Compose-featuredING'))",
                          0
                        ]
                      }
                    ]
                  },
                  "metadata": {
                    "operationMetadataId": "ba756473-7594-4b12-9568-d14a1695ed2e"
                  },
                  "type": "If"
                }
              }
            },
            "Caseen-US": {
              "case": "en-US",
              "actions": {
                "HTTPLocalKitEnUS": {
                  "runAfter": {},
                  "metadata": {
                    "operationMetadataId": "510dc750-2e3e-4d51-ac62-ed5f72b445ad"
                  },
                  "type": "Http",
                  "inputs": {
                    "method": "@if(equals(outputs('SFCC_Check_SKU_Exists')?['statusCode'],200),'PATCH','PUT')",
                    "uri": "@{parameters('var (occt_varPushToSFCCEndpoint)')}@{triggerBody()['text_1']}",
                    "headers": {
                      "Authorization": "Bearer @{body('Run_a_Child_Flow')?['accesstoken']}"
                    },
                    "body": {
                      "ean": "@{outputs('Get_UpdateRequest_row_by_ID')?['body/occt_ean']}",
                      "id": "@{outputs('Get_UpdateRequest_row_by_ID')?['body/occt_sku']}",
                      "long_description": {
                        "en-US": {
                          "_type": "markup_text",
                          "markup": "@{outputs('Get_UpdateRequest_row_by_ID')?['body/occt_description']}",
                          "source": "@{outputs('Get_UpdateRequest_row_by_ID')?['body/occt_description']}"
                        }
                      },
                      "name": {
                        "en-US": "@{outputs('Get_UpdateRequest_row_by_ID')?['body/occt_name']}"
                      },
                      "online_flag": {
                        "default@OCC_US": true
                      },
                      "owning_catalog_id": "occ_master",
                      "page_description": {
                        "en-US": "@{outputs('Get_UpdateRequest_row_by_ID')?['body/occt_pagedescription']}"
                      },
                      "page_title": {
                        "en-US": "@{outputs('Get_UpdateRequest_row_by_ID')?['body/occt_pagetitle']}"
                      },
                      "searchable": {
                        "default@OCC_US": true
                      },
                      "c_OCC_AddToCartDisabled": {
                        "en-US": true
                      },
                      "c_OCC_CallCenterDescription": {
                        "en-US": "@{outputs('Get_UpdateRequest_row_by_ID')?['body/occt_callcenterdescription']}"
                      },
                      "c_OCC_applicationArea": {
                        "en-US": {
                          "_type": "markup_text",
                          "markup": "@{outputs('Get_UpdateRequest_row_by_ID')?['body/occt_occ_applicationarea']}",
                          "source": "@{outputs('Get_UpdateRequest_row_by_ID')?['body/occt_occ_applicationarea']}"
                        }
                      },
                      "c_OCC_brand": {
                        "en-US": "@{outputs('Get_UpdateRequest_row_by_ID')?['body/occt_brand']}"
                      },
                      "c_OCC_departmentNumber": "@{outputs('Get_UpdateRequest_row_by_ID')?['body/occt_departmentnumber']}",
                      "c_OCC_eyebrow": {
                        "en-US": "@if(equals(outputs('Get_UpdateRequest_row_by_ID')?['body/occt_occ_eyebrow'], null),null, split(outputs('Get_UpdateRequest_row_by_ID')?['body/occt_occ_eyebrow'], ';'))"
                      },
                      "c_OCC_featuredIngredientAsset1": {
                        "en-US": "@{outputs('Get_UpdateRequest_row_by_ID')?['body/occt_occ_featuredingredientasset1']}"
                      },
                      "c_OCC_featuredIngredientAsset2": {
                        "en-US": "@{outputs('Get_UpdateRequest_row_by_ID')?['body/occt_occ_featuredingredientasset2']}"
                      },
                      "c_OCC_featuredIngredientAsset3": {
                        "en-US": "@{outputs('Get_UpdateRequest_row_by_ID')?['body/occt_occ_featuredingredientasset3']}"
                      },
                      "c_OCC_featuredIngredientAsset4": {
                        "en-US": "@{outputs('Get_UpdateRequest_row_by_ID')?['body/occt_occ_featuredingredientasset4']}"
                      },
                      "c_OCC_featuredIngredientAsset5": {
                        "en-US": "@{outputs('Get_UpdateRequest_row_by_ID')?['body/occt_occ_featuredingredientasset5']}"
                      },
                      "c_OCC_collection": {
                        "en-US": "@if(equals(outputs('Get_UpdateRequest_row_by_ID')?['body/occt_collection'], null),null, split(outputs('Get_UpdateRequest_row_by_ID')?['body/occt_collection'], ';'))"
                      },
                      "c_OCC_concern": {
                        "en-US": "@if(equals(outputs('Get_UpdateRequest_row_by_ID')?['body/occt_occ_concern'], null),null, split(outputs('Get_UpdateRequest_row_by_ID')?['body/occt_occ_concern'], ';'))"
                      },
                      "c_OCC_texture": {
                        "en-US": "@if(equals(outputs('Get_UpdateRequest_row_by_ID')?['body/occt_occ_texture'], null),null, split(outputs('Get_UpdateRequest_row_by_ID')?['body/occt_occ_texture'], ';'))"
                      },
                      "c_OCC_fragrance": {
                        "en-US": "@if(equals(outputs('Get_UpdateRequest_row_by_ID')?['body/occt_occ_fragrance'], null),null, split(outputs('Get_UpdateRequest_row_by_ID')?['body/occt_occ_fragrance'], ';'))"
                      },
                      "c_OCC_inci": {
                        "en-US": "@{outputs('Get_UpdateRequest_row_by_ID')?['body/occt_occ_inci']}"
                      },
                      "c_OCC_tagLine": {
                        "en-US": "@{outputs('Get_UpdateRequest_row_by_ID')?['body/occt_occ_tagline']}"
                      },
                      "c_OCC_webBenefits": {
                        "en-US": {
                          "_type": "markup_text",
                          "markup": "@{outputs('Get_UpdateRequest_row_by_ID')?['body/occt_occ_webbenefits']}",
                          "source": "@{outputs('Get_UpdateRequest_row_by_ID')?['body/occt_occ_webbenefits']}"
                        }
                      },
                      "c_OCC_testResultDescriptions": {
                        "en-US": "@if(equals(outputs('Get_UpdateRequest_row_by_ID')?['body/occt_testresultdescription'], null),null, split(outputs('Get_UpdateRequest_row_by_ID')?['body/occt_testresultdescription'], ';'))"
                      },
                      "c_OCC_testResultDisclaimers": {
                        "en-US": "@if(equals(outputs('Get_UpdateRequest_row_by_ID')?['body/occt_testresultdisclaimer'], null),null, split(outputs('Get_UpdateRequest_row_by_ID')?['body/occt_testresultdisclaimer'], ';'))"
                      },
                      "c_OCC_testResultTitle": {
                        "en-US": "Test Results"
                      },
                      "c_OCC_testResultValues": {
                        "en-US": "@outputs('Get_UpdateRequest_row_by_ID')?['body/occt_testresultvalue']"
                      },
                      "c_OCC_routineDescription": {
                        "en-US": {
                          "_type": "markup_text",
                          "markup": "@{outputs('Get_UpdateRequest_row_by_ID')?['body/occt_routinedescription']}",
                          "source": "@{outputs('Get_UpdateRequest_row_by_ID')?['body/occt_routinedescription']}"
                        }
                      },
                      "c_OCC_routineProducts": {
                        "default@OCC_US": "@if(equals(outputs('Get_UpdateRequest_row_by_ID')?['body/occt_routineproducts'], null),null, split(outputs('Get_UpdateRequest_row_by_ID')?['body/occt_routineproducts'], ';'))"
                      },
                      "c_OCC_routineProductsMainActions": {
                        "en-US": "@if(equals(outputs('Get_UpdateRequest_row_by_ID')?['body/occt_routineproductsmainactions'], null),null, split(outputs('Get_UpdateRequest_row_by_ID')?['body/occt_routineproductsmainactions'], ';'))"
                      },
                      "c_OCC_routineTitleDescription": {
                        "en-US": {
                          "_type": "markup_text",
                          "markup": "@{outputs('Get_UpdateRequest_row_by_ID')?['body/occt_routinetitledescription']}",
                          "source": "@{outputs('Get_UpdateRequest_row_by_ID')?['body/occt_routinetitledescription']}"
                        }
                      },
                      "c_OCC_grossWeight": "@outputs('Get_UpdateRequest_row_by_ID')?['body/occt_occ_grossweight']",
                      "c_OCC_height": "@outputs('Get_UpdateRequest_row_by_ID')?['body/occt_occ_height']",
                      "c_OCC_isHazmat": true,
                      "c_OCC_length": "@outputs('Get_UpdateRequest_row_by_ID')?['body/occt_occ_length']",
                      "c_OCC_netWeight": "@outputs('Get_UpdateRequest_row_by_ID')?['body/occt_occ_netweight']",
                      "c_OCC_type": "@{outputs('Get_UpdateRequest_row_by_ID')?['body/occt_occ_type']}",
                      "c_OCC_width": "@outputs('Get_UpdateRequest_row_by_ID')?['body/occt_occ_width']",
                      "c_OCC_isVirtualKit": false
                    }
                  }
                }
              }
            },
            "Caseen-CA": {
              "case": "en-CA",
              "actions": {
                "HTTPLocalKitEnCA": {
                  "runAfter": {},
                  "metadata": {
                    "operationMetadataId": "b1d50a75-925c-4172-9cef-0184ae10075b"
                  },
                  "type": "Http",
                  "inputs": {
                    "method": "@if(equals(outputs('SFCC_Check_SKU_Exists')?['statusCode'],200),'PATCH','PUT')",
                    "uri": "@{parameters('var (occt_varPushToSFCCEndpoint)')}@{triggerBody()['text_1']}",
                    "headers": {
                      "Authorization": "Bearer @{body('Run_a_Child_Flow')?['accesstoken']}"
                    },
                    "body": {
                      "ean": "@{outputs('Get_UpdateRequest_row_by_ID')?['body/occt_ean']}",
                      "id": "@{outputs('Get_UpdateRequest_row_by_ID')?['body/occt_sku']}",
                      "long_description": {
                        "en-CA": {
                          "_type": "markup_text",
                          "markup": "@{outputs('Get_UpdateRequest_row_by_ID')?['body/occt_description']}",
                          "source": "@{outputs('Get_UpdateRequest_row_by_ID')?['body/occt_description']}"
                        }
                      },
                      "name": {
                        "en-CA": "@{outputs('Get_UpdateRequest_row_by_ID')?['body/occt_name']}"
                      },
                      "online_flag": {
                        "default@OCC_CA": true
                      },
                      "owning_catalog_id": "occ_master",
                      "page_description": {
                        "en-CA": "@{outputs('Get_UpdateRequest_row_by_ID')?['body/occt_pagedescription']}"
                      },
                      "page_title": {
                        "en-CA": "@{outputs('Get_UpdateRequest_row_by_ID')?['body/occt_pagetitle']}"
                      },
                      "searchable": {
                        "default@OCC_CA": true
                      },
                      "c_OCC_AddToCartDisabled": {
                        "default": true
                      },
                      "c_OCC_CallCenterDescription": {
                        "en-CA": "@{outputs('Get_UpdateRequest_row_by_ID')?['body/occt_callcenterdescription']}"
                      },
                      "c_OCC_applicationArea": {
                        "en-CA": {
                          "_type": "markup_text",
                          "markup": "@{outputs('Get_UpdateRequest_row_by_ID')?['body/occt_occ_applicationarea']}",
                          "source": "@{outputs('Get_UpdateRequest_row_by_ID')?['body/occt_occ_applicationarea']}"
                        }
                      },
                      "c_OCC_brand": {
                        "en-CA": "@{outputs('Get_UpdateRequest_row_by_ID')?['body/occt_brand']}"
                      },
                      "c_OCC_departmentNumber": "@{outputs('Get_UpdateRequest_row_by_ID')?['body/occt_departmentnumber']}",
                      "c_OCC_eyebrow": {
                        "en-CA": "@if(equals(outputs('Get_UpdateRequest_row_by_ID')?['body/occt_occ_eyebrow'], null),null, split(outputs('Get_UpdateRequest_row_by_ID')?['body/occt_occ_eyebrow'], ';'))"
                      },
                      "c_OCC_featuredIngredientAsset1": {
                        "en-CA": "@{outputs('Get_UpdateRequest_row_by_ID')?['body/occt_occ_featuredingredientasset1']}"
                      },
                      "c_OCC_featuredIngredientAsset2": {
                        "en-CA": "@{outputs('Get_UpdateRequest_row_by_ID')?['body/occt_occ_featuredingredientasset2']}"
                      },
                      "c_OCC_featuredIngredientAsset3": {
                        "en-CA": "@{outputs('Get_UpdateRequest_row_by_ID')?['body/occt_occ_featuredingredientasset3']}"
                      },
                      "c_OCC_featuredIngredientAsset4": {
                        "en-CA": "@{outputs('Get_UpdateRequest_row_by_ID')?['body/occt_occ_featuredingredientasset4']}"
                      },
                      "c_OCC_featuredIngredientAsset5": {
                        "en-CA": "@{outputs('Get_UpdateRequest_row_by_ID')?['body/occt_occ_featuredingredientasset5']}"
                      },
                      "c_OCC_collection": {
                        "en-CA": "@if(equals(outputs('Get_UpdateRequest_row_by_ID')?['body/occt_collection'], null),null, split(outputs('Get_UpdateRequest_row_by_ID')?['body/occt_collection'], ';'))"
                      },
                      "c_OCC_concern": {
                        "en-CA": "@if(equals(outputs('Get_UpdateRequest_row_by_ID')?['body/occt_occ_concern'], null),null, split(outputs('Get_UpdateRequest_row_by_ID')?['body/occt_occ_concern'], ';'))"
                      },
                      "c_OCC_texture": {
                        "en-CA": "@if(equals(outputs('Get_UpdateRequest_row_by_ID')?['body/occt_occ_texture'], null),null, split(outputs('Get_UpdateRequest_row_by_ID')?['body/occt_occ_texture'], ';'))"
                      },
                      "c_OCC_fragrance": {
                        "en-CA": "@if(equals(outputs('Get_UpdateRequest_row_by_ID')?['body/occt_occ_fragrance'], null),null, split(outputs('Get_UpdateRequest_row_by_ID')?['body/occt_occ_fragrance'], ';'))"
                      },
                      "c_OCC_inci": {
                        "en-CA": "@{outputs('Get_UpdateRequest_row_by_ID')?['body/occt_occ_inci']}"
                      },
                      "c_OCC_tagLine": {
                        "en-CA": "@{outputs('Get_UpdateRequest_row_by_ID')?['body/occt_occ_tagline']}"
                      },
                      "c_OCC_webBenefits": {
                        "en-CA": {
                          "_type": "markup_text",
                          "markup": "@{outputs('Get_UpdateRequest_row_by_ID')?['body/occt_occ_webbenefits']}",
                          "source": "@{outputs('Get_UpdateRequest_row_by_ID')?['body/occt_occ_webbenefits']}"
                        }
                      },
                      "c_OCC_testResultDescriptions": {
                        "en-CA": "@if(equals(outputs('Get_UpdateRequest_row_by_ID')?['body/occt_testresultdescription'], null),null, split(outputs('Get_UpdateRequest_row_by_ID')?['body/occt_testresultdescription'], ';'))"
                      },
                      "c_OCC_testResultDisclaimers": {
                        "en-CA": "@if(equals(outputs('Get_UpdateRequest_row_by_ID')?['body/occt_testresultdisclaimer'], null),null, split(outputs('Get_UpdateRequest_row_by_ID')?['body/occt_testresultdisclaimer'], ';'))"
                      },
                      "c_OCC_testResultTitle": {
                        "en-CA": "Test Results"
                      },
                      "c_OCC_testResultValues": {
                        "en-CA": "@outputs('Get_UpdateRequest_row_by_ID')?['body/occt_testresultvalue']"
                      },
                      "c_OCC_routineDescription": {
                        "en-CA": {
                          "_type": "markup_text",
                          "markup": "@{outputs('Get_UpdateRequest_row_by_ID')?['body/occt_routinedescription']}",
                          "source": "@{outputs('Get_UpdateRequest_row_by_ID')?['body/occt_routinedescription']}"
                        }
                      },
                      "c_OCC_routineProducts": {
                        "default@OCC_CA": "@if(equals(outputs('Get_UpdateRequest_row_by_ID')?['body/occt_routineproducts'], null),null, split(outputs('Get_UpdateRequest_row_by_ID')?['body/occt_routineproducts'], ';'))"
                      },
                      "c_OCC_routineProductsMainActions": {
                        "en-CA": "@if(equals(outputs('Get_UpdateRequest_row_by_ID')?['body/occt_routineproductsmainactions'], null),null, split(outputs('Get_UpdateRequest_row_by_ID')?['body/occt_routineproductsmainactions'], ';'))"
                      },
                      "c_OCC_routineTitleDescription": {
                        "en-CA": {
                          "_type": "markup_text",
                          "markup": "@{outputs('Get_UpdateRequest_row_by_ID')?['body/occt_routinetitledescription']}",
                          "source": "@{outputs('Get_UpdateRequest_row_by_ID')?['body/occt_routinetitledescription']}"
                        }
                      },
                      "c_OCC_grossWeight": "@outputs('Get_UpdateRequest_row_by_ID')?['body/occt_occ_grossweight']",
                      "c_OCC_height": "@outputs('Get_UpdateRequest_row_by_ID')?['body/occt_occ_height']",
                      "c_OCC_isHazmat": true,
                      "c_OCC_length": "@outputs('Get_UpdateRequest_row_by_ID')?['body/occt_occ_length']",
                      "c_OCC_netWeight": "@outputs('Get_UpdateRequest_row_by_ID')?['body/occt_occ_netweight']",
                      "c_OCC_type": "@{outputs('Get_UpdateRequest_row_by_ID')?['body/occt_occ_type']}",
                      "c_OCC_width": "@outputs('Get_UpdateRequest_row_by_ID')?['body/occt_occ_width']",
                      "c_OCC_isVirtualKit": false
                    }
                  }
                }
              }
            },
            "Casefr-CA": {
              "case": "fr-CA",
              "actions": {
                "Condition-fr": {
                  "actions": {
                    "Apply-UpdatesToFID-fr": {
                      "foreach": "@outputs('Compose-featuredING')",
                      "actions": {
                        "Update_FeaturedIngDescriptionFr": {
                          "runAfter": {},
                          "metadata": {
                            "operationMetadataId": "3bf6a343-55d8-4e8e-b9dd-6a641e66b478"
                          },
                          "type": "Http",
                          "inputs": {
                            "method": "PATCH",
                            "uri": "https://devna.loccitane.com/s/-/dw/data/v21_10/libraries/OCC_SharedLibrary/content/@{item()?['FIA']}",
                            "headers": {
                              "Authorization": "Bearer @{body('Run_a_Child_Flow')?['accesstoken']}"
                            },
                            "body": {
                              "c_body": {
                                "fr-CA": {
                                  "_type": "markup_text",
                                  "markup": "@{item()?['FID']}",
                                  "source": "@{item()?['FID']}"
                                }
                              }
                            }
                          },
                          "runtimeConfiguration": {
                            "contentTransfer": {
                              "transferMode": "Chunked"
                            }
                          }
                        }
                      },
                      "runAfter": {},
                      "metadata": {
                        "operationMetadataId": "0b1fc481-b2b4-4c68-8a55-9d16591bafb8"
                      },
                      "type": "Foreach"
                    }
                  },
                  "runAfter": {},
                  "expression": {
                    "and": [
                      {
                        "greater": [
                          "@length(outputs('Compose-featuredING'))",
                          0
                        ]
                      }
                    ]
                  },
                  "metadata": {
                    "operationMetadataId": "6014f4d7-d802-485c-a9ee-bc2c1ab8c885"
                  },
                  "type": "If"
                },
                "HTTPLocalFrCA": {
                  "runAfter": {
                    "Condition-fr": [
                      "Succeeded"
                    ]
                  },
                  "metadata": {
                    "operationMetadataId": "6955da76-6242-46ef-87ca-6526710435d8"
                  },
                  "type": "Http",
                  "inputs": {
                    "method": "@if(equals(outputs('SFCC_Check_SKU_Exists')?['statusCode'],200),'PATCH','PUT')",
                    "uri": "@{parameters('var (occt_varPushToSFCCEndpoint)')}@{triggerBody()['text_1']}",
                    "headers": {
                      "Authorization": "Bearer @{body('Run_a_Child_Flow')?['accesstoken']}"
                    },
                    "body": {
                      "ean": "@{outputs('Get_UpdateRequest_row_by_ID')?['body/occt_ean']}",
                      "id": "@{outputs('Get_UpdateRequest_row_by_ID')?['body/occt_sku']}",
                      "long_description": {
                        "fr-CA": {
                          "_type": "markup_text",
                          "markup": "@{outputs('Get_UpdateRequest_row_by_ID')?['body/occt_description']}",
                          "source": "@{outputs('Get_UpdateRequest_row_by_ID')?['body/occt_description']}"
                        }
                      },
                      "name": {
                        "fr-CA": "@{outputs('Get_UpdateRequest_row_by_ID')?['body/occt_name']}"
                      },
                      "online_flag": {
                        "default@OCC_CA": false
                      },
                      "owning_catalog_id": "occ_master",
                      "page_description": {
                        "fr-CA": "@{outputs('Get_UpdateRequest_row_by_ID')?['body/occt_pagedescription']}"
                      },
                      "page_title": {
                        "en-CA": "@{outputs('Get_UpdateRequest_row_by_ID')?['body/occt_pagetitle']}"
                      },
                      "searchable": {
                        "default@OCC_CA": false
                      },
                      "c_OCC_AddToCartDisabled": {
                        "default": false
                      },
                      "c_OCC_CallCenterDescription": {
                        "fr-CA": "@{outputs('Get_UpdateRequest_row_by_ID')?['body/occt_callcenterdescription']}"
                      },
                      "c_OCC_applicationArea": {
                        "fr-CA": {
                          "_type": "markup_text",
                          "markup": "@{outputs('Get_UpdateRequest_row_by_ID')?['body/occt_occ_applicationarea']}",
                          "source": "@{outputs('Get_UpdateRequest_row_by_ID')?['body/occt_occ_applicationarea']}"
                        }
                      },
                      "c_OCC_brand": {
                        "fr-CA": "@{outputs('Get_UpdateRequest_row_by_ID')?['body/occt_brand']}"
                      },
                      "c_OCC_departmentNumber": "@{outputs('Get_UpdateRequest_row_by_ID')?['body/occt_departmentnumber']}",
                      "c_OCC_eyebrow": {
                        "fr-CA": "@if(equals(outputs('Get_UpdateRequest_row_by_ID')?['body/occt_occ_eyebrow'], null),null, split(outputs('Get_UpdateRequest_row_by_ID')?['body/occt_occ_eyebrow'], ';'))"
                      },
                      "c_OCC_featuredIngredientAsset1": {
                        "fr-CA": "@{outputs('Get_UpdateRequest_row_by_ID')?['body/occt_occ_featuredingredientasset1']}"
                      },
                      "c_OCC_featuredIngredientAsset2": {
                        "fr-CA": "@{outputs('Get_UpdateRequest_row_by_ID')?['body/occt_occ_featuredingredientasset2']}"
                      },
                      "c_OCC_featuredIngredientAsset3": {
                        "fr-CA": "@{outputs('Get_UpdateRequest_row_by_ID')?['body/occt_occ_featuredingredientasset3']}"
                      },
                      "c_OCC_featuredIngredientAsset4": {
                        "fr-CA": "@{outputs('Get_UpdateRequest_row_by_ID')?['body/occt_occ_featuredingredientasset4']}"
                      },
                      "c_OCC_featuredIngredientAsset5": {
                        "fr-CA": "@{outputs('Get_UpdateRequest_row_by_ID')?['body/occt_occ_featuredingredientasset5']}"
                      },
                      "c_OCC_collection": {
                        "fr-CA": "@if(equals(outputs('Get_UpdateRequest_row_by_ID')?['body/occt_collection'], null),null, split(outputs('Get_UpdateRequest_row_by_ID')?['body/occt_collection'], ';'))"
                      },
                      "c_OCC_concern": {
                        "fr-CA": "@if(equals(outputs('Get_UpdateRequest_row_by_ID')?['body/occt_occ_concern'], null),null, split(outputs('Get_UpdateRequest_row_by_ID')?['body/occt_occ_concern'], ';'))"
                      },
                      "c_OCC_texture": {
                        "fr-CA": "@if(equals(outputs('Get_UpdateRequest_row_by_ID')?['body/occt_occ_texture'], null),null, split(outputs('Get_UpdateRequest_row_by_ID')?['body/occt_occ_texture'], ';'))"
                      },
                      "c_OCC_fragrance": {
                        "fr-CA": "@if(equals(outputs('Get_UpdateRequest_row_by_ID')?['body/occt_occ_fragrance'], null),null, split(outputs('Get_UpdateRequest_row_by_ID')?['body/occt_occ_fragrance'], ';'))"
                      },
                      "c_OCC_inci": {
                        "fr-CA": "@{outputs('Get_UpdateRequest_row_by_ID')?['body/occt_occ_inci']}"
                      },
                      "c_OCC_formulatedWithout": {
                        "fr-CA": "@if(equals(outputs('Get_UpdateRequest_row_by_ID')?['body/occt_formulatedwithout'], null),null, split(outputs('Get_UpdateRequest_row_by_ID')?['body/occt_formulatedwithout'], ','))"
                      },
                      "c_OCC_tagLine": {
                        "fr-CA": "@{outputs('Get_UpdateRequest_row_by_ID')?['body/occt_occ_tagline']}"
                      },
                      "c_OCC_webBenefits": {
                        "fr-CA": {
                          "_type": "markup_text",
                          "markup": "@{outputs('Get_UpdateRequest_row_by_ID')?['body/occt_occ_webbenefits']}",
                          "source": "@{outputs('Get_UpdateRequest_row_by_ID')?['body/occt_occ_webbenefits']}"
                        }
                      },
                      "c_OCC_testResultDescriptions": {
                        "fr-CA": "@if(equals(outputs('Get_UpdateRequest_row_by_ID')?['body/occt_testresultdescription'], null),null, split(outputs('Get_UpdateRequest_row_by_ID')?['body/occt_testresultdescription'], ';'))"
                      },
                      "c_OCC_testResultDisclaimers": {
                        "fr-CA": "@if(equals(outputs('Get_UpdateRequest_row_by_ID')?['body/occt_testresultdisclaimer'], null),null, split(outputs('Get_UpdateRequest_row_by_ID')?['body/occt_testresultdisclaimer'], ';'))"
                      },
                      "c_OCC_testResultTitle": {
                        "fr-CA": "RÉSULTATS DES TESTS"
                      },
                      "c_OCC_testResultValues": {
                        "fr-CA": "@outputs('Get_UpdateRequest_row_by_ID')?['body/occt_testresultvalue']"
                      },
                      "c_OCC_routineDescription": {
                        "fr-CA": {
                          "_type": "markup_text",
                          "markup": "@{outputs('Get_UpdateRequest_row_by_ID')?['body/occt_routinedescription']}",
                          "source": "@{outputs('Get_UpdateRequest_row_by_ID')?['body/occt_routinedescription']}"
                        }
                      },
                      "c_OCC_routineProducts": {
                        "default@OCC_CA": "@if(equals(outputs('Get_UpdateRequest_row_by_ID')?['body/occt_routineproducts'], null),null, split(outputs('Get_UpdateRequest_row_by_ID')?['body/occt_routineproducts'], ';'))"
                      },
                      "c_OCC_routineProductsMainActions": {
                        "fr-CA": "@if(equals(outputs('Get_UpdateRequest_row_by_ID')?['body/occt_routineproductsmainactions'], null),null, split(outputs('Get_UpdateRequest_row_by_ID')?['body/occt_routineproductsmainactions'], ';'))"
                      },
                      "c_OCC_routineTitleDescription": {
                        "fr-CA": {
                          "_type": "markup_text",
                          "markup": "@{outputs('Get_UpdateRequest_row_by_ID')?['body/occt_routinetitledescription']}",
                          "source": "@{outputs('Get_UpdateRequest_row_by_ID')?['body/occt_routinetitledescription']}"
                        }
                      },
                      "c_OCC_grossWeight": "@outputs('Get_UpdateRequest_row_by_ID')?['body/occt_occ_grossweight']",
                      "c_OCC_height": "@outputs('Get_UpdateRequest_row_by_ID')?['body/occt_occ_height']",
                      "c_OCC_isHazmat": "@outputs('Get_UpdateRequest_row_by_ID')?['body/occt_ishazmat']",
                      "c_OCC_length": "@outputs('Get_UpdateRequest_row_by_ID')?['body/occt_occ_length']",
                      "c_OCC_netWeight": "@outputs('Get_UpdateRequest_row_by_ID')?['body/occt_occ_netweight']",
                      "c_OCC_type": "@{outputs('Get_UpdateRequest_row_by_ID')?['body/occt_occ_type']}",
                      "c_OCC_width": "@outputs('Get_UpdateRequest_row_by_ID')?['body/occt_occ_width']",
                      "c_OCC_isVirtualKit": "@outputs('Get_UpdateRequest_row_by_ID')?['body/occt_isvirtual']"
                    }
                  }
                }
              }
            }
          },
          "default": {
            "actions": {}
          },
          "expression": "@triggerBody()['text']",
          "metadata": {
            "operationMetadataId": "39695e16-ea20-41b7-bb92-1b3774fe36a5"
          },
          "type": "Switch"
        },
        "Get_UpdateRequest_row_by_ID": {
          "runAfter": {
            "SFCC_Check_SKU_Exists": [
              "Succeeded",
              "Failed"
            ]
          },
          "metadata": {
            "operationMetadataId": "77016157-fe09-4f33-a7ba-656a0d543d4b"
          },
          "type": "OpenApiConnection",
          "inputs": {
            "host": {
              "connectionName": "shared_commondataserviceforapps-1",
              "operationId": "GetItem",
              "apiId": "/providers/Microsoft.PowerApps/apis/shared_commondataserviceforapps"
            },
            "parameters": {
              "entityName": "occt_kits",
              "recordId": "@triggerBody()['text_2']"
            },
            "authentication": "@parameters('$authentication')"
          }
        },
        "Respond_to_a_Power_App_or_flow": {
          "runAfter": {
            "Run_a_Child_Flow_-_BundleQTY": [
              "Failed"
            ]
          },
          "metadata": {
            "operationMetadataId": "65ecafa6-ccda-48c6-8561-e1ef54b6ae28"
          },
          "type": "Response",
          "kind": "PowerApp",
          "inputs": {
            "statusCode": 200,
            "body": {
              "response": "Error request not send correctly to SFCC"
            },
            "schema": {
              "type": "object",
              "properties": {
                "response": {
                  "title": "Response",
                  "x-ms-dynamically-added": true,
                  "type": "string"
                }
              }
            }
          }
        },
        "Respond_to_a_Power_App_or_flow_2": {
          "runAfter": {
            "Run_a_Child_Flow_-_BundleQTY": [
              "Succeeded"
            ]
          },
          "metadata": {
            "operationMetadataId": "2d2d6ba8-077c-4327-90dd-8173e5c7cbff"
          },
          "type": "Response",
          "kind": "PowerApp",
          "inputs": {
            "statusCode": 200,
            "body": {
              "response": "Your update has been successfully sent to SFCC."
            },
            "schema": {
              "type": "object",
              "properties": {
                "response": {
                  "title": "Response",
                  "x-ms-dynamically-added": true,
                  "type": "string"
                }
              }
            }
          }
        },
        "SFCC_Check_SKU_Exists": {
          "runAfter": {
            "Run_a_Child_Flow": [
              "Succeeded"
            ]
          },
          "metadata": {
            "operationMetadataId": "63868d2a-07b9-4094-b93f-9fe14f9e1d4a"
          },
          "type": "Http",
          "inputs": {
            "method": "GET",
            "uri": "@{parameters('varSFCCApiEndpoint (occt_varSFCCApiEndpoint)')}@{triggerBody()?['text_1']}",
            "headers": {
              "Authorization": "Bearer @{body('Run_a_Child_Flow')?['accesstoken']}"
            }
          },
          "runtimeConfiguration": {
            "contentTransfer": {
              "transferMode": "Chunked"
            }
          }
        },
        "BundledProductsQTY": {
          "runAfter": {
            "Get_UpdateRequest_row_by_ID": [
              "Succeeded"
            ]
          },
          "metadata": {
            "operationMetadataId": "29cb0e59-f7bb-4cc5-9589-cd44f736ecba"
          },
          "type": "Select",
          "inputs": {
            "from": "@json(outputs('Get_UpdateRequest_row_by_ID')?['body/occt_bundled_prod'])",
            "select": "@item()"
          }
        },
        "ComposeXML": {
          "runAfter": {
            "SelectBundledItemsXML": [
              "Succeeded"
            ]
          },
          "metadata": {
            "operationMetadataId": "d2ea205d-4e52-44a6-9a07-ba281bdbfd6b"
          },
          "type": "Compose",
          "inputs": "<?xml version=\"1.0\" encoding=\"UTF-8\"?>\n<catalog xmlns=\"http://www.demandware.com/xml/impex/catalog/2006-10-31\" catalog-id=\"occ_master\">\n\t<product product-id=\"@{outputs('Get_UpdateRequest_row_by_ID')?['body/occt_sku']}\">\n\t\t<bundled-products>\n\t\t\t\t\t@{join(body('SelectBundledItemsXML'),'')}\n\t\t</bundled-products>\n\t</product>\n</catalog>"
        },
        "SelectBundledItemsXML": {
          "runAfter": {
            "BundledProductsQTY": [
              "Succeeded"
            ]
          },
          "metadata": {
            "operationMetadataId": "5efa29ee-d736-463f-971a-89775d6f11be"
          },
          "type": "Select",
          "inputs": {
            "from": "@body('BundledProductsQTY')",
            "select": "@concat(\r\n    '<bundled-product product-id=\"', item()?['id'], '\">\r\n        <quantity>', if(less(length(item()?['quantity']),1),1,item()?['quantity']), '</quantity>\r\n    </bundled-product>'\r\n)"
          }
        },
        "Run_a_Child_Flow_-_BundleQTY": {
          "runAfter": {
            "HTTPCreateXMLFile": [
              "Succeeded"
            ]
          },
          "metadata": {
            "operationMetadataId": "f666dfc6-cc79-4bef-b548-e19fe519e487"
          },
          "type": "Workflow",
          "inputs": {
            "host": {
              "workflowReferenceName": "2b72e38f-0cbf-ef11-b8e8-000d3a549abf"
            }
          }
        },
        "HTTPCreateXMLFile": {
          "runAfter": {
            "Switch": [
              "Succeeded"
            ]
          },
          "metadata": {
            "operationMetadataId": "56f499f2-406a-4c0d-a550-f63bb0ae8931"
          },
          "type": "Http",
          "inputs": {
            "method": "PUT",
            "uri": "@{parameters('varSFCCWebDavEndpoint (occt_varSFCCWebDavEndpoint)')}sku_@{coalesce(body('HTTPLocalKitDefault')?['id'],body('HTTPLocalFrCA')?['id'])}_output.xml",
            "headers": {
              "Authorization": "@{parameters('varSFCCWebDavToken (occt_varSFCCWebDavToken)')}"
            },
            "body": "@outputs('ComposeXML')"
          },
          "runtimeConfiguration": {
            "contentTransfer": {
              "transferMode": "Chunked"
            }
          }
        },
        "Compose-featuredING": {
          "runAfter": {
            "ComposeXML": [
              "Succeeded"
            ]
          },
          "metadata": {
            "operationMetadataId": "b658c537-8100-4c9a-92cf-f4b1e0a655d5"
          },
          "type": "Compose",
          "inputs": "@intersection(\r\n    createArray(\r\n        json(concat('{',\r\n            '\"index\": 1,',\r\n            '\"FIA\":\"', coalesce(outputs('Get_UpdateRequest_row_by_ID')?['body/occt_occ_featuredingredientasset1'], 'empty'), '\",',\r\n            '\"FID\":\"', coalesce(outputs('Get_UpdateRequest_row_by_ID')?['body/occt_featuredingfunction1'], 'empty'), '\"',\r\n            '}'\r\n        )),\r\n        json(concat('{',\r\n            '\"index\": 2,',\r\n            '\"FIA\":\"', coalesce(outputs('Get_UpdateRequest_row_by_ID')?['body/occt_occ_featuredingredientasset2'], 'empty'), '\",',\r\n            '\"FID\":\"', coalesce(outputs('Get_UpdateRequest_row_by_ID')?['body/occt_featuredingfunction2'], 'empty'), '\"',\r\n            '}'\r\n        )),\r\n        json(concat('{',\r\n            '\"index\": 3,',\r\n            '\"FIA\":\"', coalesce(outputs('Get_UpdateRequest_row_by_ID')?['body/occt_occ_featuredingredientasset3'], 'empty'), '\",',\r\n            '\"FID\":\"', coalesce(outputs('Get_UpdateRequest_row_by_ID')?['body/occt_featuredingfunction3'], 'empty'), '\"',\r\n            '}'\r\n        )),\r\n        json(concat('{',\r\n            '\"index\": 4,',\r\n            '\"FIA\":\"', coalesce(outputs('Get_UpdateRequest_row_by_ID')?['body/occt_occ_featuredingredientasset4'], 'empty'), '\",',\r\n            '\"FID\":\"', coalesce(outputs('Get_UpdateRequest_row_by_ID')?['body/occt_featuredingfunction4'], 'empty'), '\"',\r\n            '}'\r\n        )),\r\n        json(concat('{',\r\n            '\"index\": 5,',\r\n            '\"FIA\":\"', coalesce(outputs('Get_UpdateRequest_row_by_ID')?['body/occt_occ_featuredingredientasset5'], 'empty'), '\",',\r\n            '\"FID\":\"', coalesce(outputs('Get_UpdateRequest_row_by_ID')?['body/occt_featuredingfunction5'], 'empty'), '\"',\r\n            '}'\r\n        ))\r\n    ),\r\n    createArray(\r\n        json(concat('{',\r\n            '\"index\": 1,',\r\n            '\"FIA\":\"', outputs('Get_UpdateRequest_row_by_ID')?['body/occt_occ_featuredingredientasset1'], '\",',\r\n            '\"FID\":\"', outputs('Get_UpdateRequest_row_by_ID')?['body/occt_featuredingfunction1'], '\"',\r\n            '}'\r\n        )),\r\n        json(concat('{',\r\n            '\"index\": 2,',\r\n            '\"FIA\":\"', outputs('Get_UpdateRequest_row_by_ID')?['body/occt_occ_featuredingredientasset2'], '\",',\r\n            '\"FID\":\"', outputs('Get_UpdateRequest_row_by_ID')?['body/occt_featuredingfunction2'], '\"',\r\n            '}'\r\n        )),\r\n        json(concat('{',\r\n            '\"index\": 3,',\r\n            '\"FIA\":\"', outputs('Get_UpdateRequest_row_by_ID')?['body/occt_occ_featuredingredientasset3'], '\",',\r\n            '\"FID\":\"', outputs('Get_UpdateRequest_row_by_ID')?['body/occt_featuredingfunction3'], '\"',\r\n            '}'\r\n        )),\r\n        json(concat('{',\r\n            '\"index\": 4,',\r\n            '\"FIA\":\"', outputs('Get_UpdateRequest_row_by_ID')?['body/occt_occ_featuredingredientasset4'], '\",',\r\n            '\"FID\":\"', outputs('Get_UpdateRequest_row_by_ID')?['body/occt_featuredingfunction4'], '\"',\r\n            '}'\r\n        )),\r\n        json(concat('{',\r\n            '\"index\": 5,',\r\n            '\"FIA\":\"', outputs('Get_UpdateRequest_row_by_ID')?['body/occt_occ_featuredingredientasset5'], '\",',\r\n            '\"FID\":\"', outputs('Get_UpdateRequest_row_by_ID')?['body/occt_featuredingfunction5'], '\"',\r\n            '}'\r\n        ))\r\n    )\r\n)"
        }
      },
      "outputs": {}
    },
    "templateName": ""
  },
  "schemaVersion": "1.0.0.0"
}