<environmentvariabledefinition schemaname="occt_varSyncEndpoint">
  <defaultvalue>https://devna.loccitane.com/s/-/dw/data/v21_10/jobs/FLI_1_PRODUCTS_PIM_AUTOMATED/executions</defaultvalue>
  <displayname default="varSyncEndpoint">
    <label description="varSyncEndpoint" languagecode="1033" />
  </displayname>
  <introducedversion>1.0.0.6</introducedversion>
  <iscustomizable>1</iscustomizable>
  <isrequired>0</isrequired>
  <secretstore>0</secretstore>
  <type>100000000</type>
</environmentvariabledefinition>