<environmentvariabledefinition schemaname="occt_varSFCCWebDavToken">
  <defaultvalue>Basic dGltb3RoeS5sYXdsb3JAbG9jY2l0YW5lLmNvbTo0aUstbmU9czd8fShvciQsXSpsaH1DL1JZfFVTZS1raigkMVlyT3Zv</defaultvalue>
  <displayname default="varSFCCWebDavToken">
    <label description="varSFCCWebDavToken" languagecode="1033" />
  </displayname>
  <introducedversion>1.0.0.26</introducedversion>
  <iscustomizable>1</iscustomizable>
  <isrequired>0</isrequired>
  <secretstore>0</secretstore>
  <type>100000000</type>
</environmentvariabledefinition>